Dates,USDZAR Curncy,ZAR1W Curncy,USDZARV1W Curncy,USDZAR25R1W Curncy,USDZAR25B1W Curncy,USDZAR10R1W Curncy,USDZAR10B1W Curncy,USOSFR1Z Curncy
2/16/2024,18.8852,110,10.785,0.75,0.21,1.345,0.79,5.3078
2/9/2024,19.0413,111,12.22,0.9975,0.2175,1.805,0.7675,5.312
2/2/2024,18.9029,109,12.46,1.12,0.22,1.955,0.735,5.312
1/26/2024,18.7806,111,13.065,1.145,0.225,2.055,0.77,5.3208
1/19/2024,19.0203,110,12.0175,1.105,0.2325,1.975,0.8125,5.3145
1/12/2024,18.6536,106,11.31,0.91,0.225,1.645,0.785,5.321
1/5/2024,18.6807,106,14.545,1.095,0.27,1.945,0.915,5.3266
12/29/2023,18.3005,105,13.855,0.9675,0.2475,1.72,0.88,5.3405
12/22/2023,18.5063,119,11.925,0.875,0.255,1.64,0.915,5.3575
12/15/2023,18.3057,129,15.385,1.2575,0.2875,2.11,0.94,5.3454
12/8/2023,18.9548,117,15.3925,1.385,0.305,2.435,1.03,5.3255
12/1/2023,18.6413,111,14.3975,1.3925,0.285,2.485,1,5.3215
11/24/2023,18.7727,102,13.645,1.5125,0.2875,2.625,1,5.3155
11/17/2023,18.3442,99,12.8625,1.335,0.28,2.4,0.9525,5.3148
11/10/2023,18.7261,97,13.475,1.555,0.295,2.83,1.035,5.31
11/3/2023,18.2642,103,13.5625,1.615,0.2975,2.9225,1.0175,5.311
10/27/2023,18.8449,109,15.0775,1.7775,0.355,3.255,1.25,5.3066
10/20/2023,18.998,105,14.615,1.7725,0.3425,3.19,1.215,5.3025
10/13/2023,19.0054,108,13.8775,1.6,0.365,2.985,1.2625,5.3042
10/6/2023,19.3094,106,14.7175,1.7725,0.3725,3.3125,1.295,5.3097
9/29/2023,18.9224,111,13.8775,1.625,0.38,3.1,1.3075,5.31
9/22/2023,18.7571,114,13.16,1.6475,0.35,3.06,1.2225,5.3093
9/15/2023,18.9742,109,15.2175,1.6975,0.38,3.205,1.3125,5.3147
9/8/2023,19.1258,113,15.47,1.685,0.4,3.205,1.3675,5.3012
9/1/2023,18.8456,115,13.7475,1.6025,0.3375,2.975,1.1625,5.3052
8/25/2023,18.6223,116,14.955,1.575,0.385,2.9675,1.3125,5.3038
8/18/2023,18.9862,128,15.55,1.705,0.3675,3.1575,1.255,5.3009
8/11/2023,18.9549,112,15.5725,1.7375,0.3925,3.2775,1.2825,5.2988
8/4/2023,18.4551,113,17.4925,2.05,0.3925,3.8125,1.325,5.3039
7/28/2023,17.6184,111,16.065,1.6625,0.3775,3.1075,1.285,5.3061
7/21/2023,17.9767,121,15.42,1.7125,0.3625,3.2425,1.235,5.231
7/14/2023,18.1024,124,13.9625,1.4875,0.365,2.7725,1.24,5.054
7/7/2023,18.8696,127,13.9525,1.68,0.395,3.1475,1.365,5.0565
6/30/2023,18.8387,126,13.085,1.5125,0.3825,2.8175,1.3475,5.0633
6/23/2023,18.7452,148,13.775,1.65,0.4,3.1475,1.3675,5.073
6/16/2023,18.1866,130,13.68,1.68,0.4,3.2,1.41,5.0732
6/9/2023,18.7198,127,14.0575,1.75,0.405,3.33,1.41,5.121
6/2/2023,19.5157,127,15.08,2.6075,0.435,4.88,1.4625,5.0533
5/26/2023,19.6507,131,16.9,3.035,0.4975,5.79,1.6975,5.0481
5/19/2023,19.4529,112,16.74,2.7825,0.3975,5,1.26,5.0586
5/12/2023,19.3312,137,17.045,3.3125,0.4525,6.055,1.4,5.0473
5/5/2023,18.399,118,12.685,1.255,0.32,2.325,1.08,5.0426
4/28/2023,18.2902,117,13.63,1.235,0.3,2.245,1.01,4.9644
4/21/2023,18.086,125,12.665,1.445,0.315,2.625,1.035,4.8039
4/14/2023,18.0969,116,14,1.685,0.35,3.085,1.165,4.7994
4/7/2023,18.1964,113,14.88,1.7375,0.3275,3.14,1.075,4.8039
3/31/2023,17.7917,109,14.605,1.7825,0.3275,3.19,1.065,4.7995
3/24/2023,18.1704,113,15.99,2.0075,0.3475,3.615,1.115,4.7875
3/17/2023,18.411,109,17.615,2.0425,0.3975,3.725,1.3,4.6937
3/10/2023,18.3197,121,16.76,1.6725,0.3625,3.05,1.215,4.5222
3/3/2023,18.143,96,14.9475,1.5625,0.3625,2.88,1.245,4.551
2/24/2023,18.4269,111,15.305,1.6825,0.3675,3.0825,1.25,4.553
2/17/2023,18.0754,127,15.9775,1.78,0.375,3.29,1.2725,4.5535
2/10/2023,17.887,114,17.16,1.9375,0.3875,3.58,1.2975,4.5556
2/3/2023,17.4793,109,14.885,1.7,0.42,3.17,1.395,4.5617
1/27/2023,17.2056,113,16.305,1.945,0.395,3.715,1.29,4.4932
1/20/2023,17.1162,99,16.29,2.1175,0.4125,3.91,1.385,4.3146
1/13/2023,16.8359,94,15.22,1.885,0.39,3.455,1.3225,4.3115
1/6/2023,17.1031,95,18.3675,2.2575,0.4175,4.075,1.4225,4.313
12/30/2022,17.019,97,14.6275,1.75,0.41,3.2025,1.3775,4.308
12/23/2022,17.0044,145,12.7225,1.64,0.395,2.9875,1.3175,4.3135
12/16/2022,17.6408,118,17.905,2.2225,0.48,4.13,1.6325,4.297
12/9/2022,17.3665,107,20.0775,2.3425,0.4875,4.38,1.675,4.1729
12/2/2022,17.5307,109,20.0775,2.6425,0.535,4.875,1.785,3.805
11/25/2022,17.0872,103,15.325,1.375,0.4,2.5375,1.3825,3.8062
11/18/2022,17.2548,91,14.92,1.3175,0.44,2.5275,1.52,3.7976
11/11/2022,17.2419,96,15.3975,1.4,0.4375,2.6075,1.53,3.785
11/4/2022,17.9089,92,17.2975,1.7,0.4625,3.1825,1.535,3.797
10/28/2022,18.1366,114,17.23,1.9275,0.4875,3.545,1.66,3.572
10/21/2022,18.086,113,16.385,2.1875,0.5025,4.14,1.66,3.039
10/14/2022,18.3556,110,16.635,2.285,0.5175,4.2525,1.725,3.0265
10/7/2022,18.1041,97,17.35,2.2825,0.43,4.1525,1.405,3.031
9/30/2022,18.0855,116,17.695,2.38,0.4875,4.3775,1.57,3.0183
9/23/2022,17.949,119,16.055,1.4775,0.375,2.69,1.25,3.0304
9/16/2022,17.6079,110,17.5,1.4875,0.4,2.83,1.34,2.8381
9/9/2022,17.321,111,14.575,1.405,0.35,2.7,1.225,2.273
9/2/2022,17.2943,107,14.305,1.52,0.35,3.015,1.21,2.2761
8/26/2022,16.883,133,15.025,1.72,0.38,3.285,1.255,2.284
8/19/2022,17.0049,114,15.185,1.69,0.4175,3.3075,1.3575,2.2811
8/12/2022,16.1998,107,14.3075,1.42,0.375,2.8425,1.32,2.2868
8/5/2022,16.7746,119,15.79,1.395,0.365,2.88,1.245,2.3
7/29/2022,16.5935,166,14.96,1.38,0.355,2.8,1.25,2.2804
7/22/2022,16.8306,159,15.5775,1.7925,0.39,3.42,1.3125,2.0813
7/15/2022,17.0765,134,16.78,2.0375,0.3775,3.87,1.14,1.518
7/8/2022,16.8781,126,16.585,1.97,0.355,3.65,1.065,1.5212
7/1/2022,16.3816,127,15.67,1.825,0.35,3.485,1.06,1.4929
6/24/2022,15.8061,101,14.7925,1.9525,0.325,3.6725,0.99,1.483
6/17/2022,16.0199,147,16.2025,2.285,0.35,4.2125,1.02,1.477
6/10/2022,15.8583,138,17.07,2.0275,0.3325,3.72,0.995,1.1415
6/3/2022,15.5483,155,15.13,1.825,0.33,3.465,0.99,0.79
5/27/2022,15.6101,147,15.015,1.785,0.305,3.3125,0.93,0.7817
5/20/2022,15.8438,150,15.41,1.8025,0.2925,3.3925,0.865,0.7829
5/13/2022,16.1726,149,18.17,2.425,0.36,4.415,1.0125,0.7799
5/6/2022,15.9904,123,19.1825,2.2175,0.29,4.025,0.835,0.7852
4/29/2022,15.8119,120,17.6075,2.1725,0.2825,4.005,0.8225,0.6555
4/22/2022,15.5926,120,16.8,2.1375,0.2725,3.925,0.81,0.2827
4/15/2022,14.6371,123,11.5175,1.3775,0.2475,2.5,0.765,0.2925
4/8/2022,14.6491,125,13.1375,1.68,0.245,3.09,0.7325,0.3088
4/1/2022,14.6373,126,13.49,1.7225,0.275,3.1575,0.83,0.297
3/25/2022,14.5418,141,14.0575,1.7325,0.2725,3.165,0.83,0.307
3/18/2022,14.9684,121,14.7225,1.795,0.2125,3.34,0.63,0.3065
3/11/2022,15.0363,127,17.15,2.2575,0.2625,4.18,0.765,0.245
3/4/2022,15.3045,132,17.685,2.5025,0.2675,4.62,0.75,0.0771
2/25/2022,15.1416,131,16.0525,1.7725,0.2375,3.305,0.7225,0.0533
2/18/2022,15.1126,129,14.92,1.72,0.26,3.155,0.82,0.06
2/11/2022,15.2163,122,15.125,1.535,0.25,2.82,0.755,0.0865
2/4/2022,15.4503,123,14.1,1.8,0.28,1.63,0.8525,0.0612
1/28/2022,15.5963,155,16.59,1.8,0.275,1.63,0.8525,0.048
1/21/2022,15.1072,159,15.14,1.05,0.25,1.63,0.8525,0.0555
1/14/2022,15.3725,140,14.15,0.9525,0.2825,1.63,0.8525,0.0471
1/7/2022,15.5724,138,14.2225,1.03,0.3025,1.7325,0.945,0.051
12/31/2021,15.9359,153,13.5525,1.0425,0.3025,1.8025,0.8975,0.051
12/24/2021,15.6063,176,12.3925,1.075,0.3125,1.865,0.925,0.053
12/17/2021,15.9236,177,12.715,1.12,0.335,1.92,1.015,0.053
12/10/2021,15.9646,174,16.2775,1.215,0.3525,2.1325,1.0875,0.0535
12/3/2021,16.0844,155,17.1925,1.57,0.3275,2.6725,0.9875,0.0519
11/26/2021,16.2828,163,16.4275,1.5725,0.3525,2.705,0.935,0.0539
11/19/2021,15.7451,130,15.9225,1.16,0.295,1.9575,0.82,0.0463
11/12/2021,15.3373,134,15.7825,1.125,0.375,1.9525,1.0425,0.0435
11/5/2021,15.0359,137,13.825,1.06,0.255,1.845,0.8325,0.043
10/29/2021,15.2438,115,15.855,1.385,0.255,2.33,0.805,0.0421
10/22/2021,14.8216,120,14.615,1.18,0.3,2.005,0.99,0.043
10/15/2021,14.6057,118,13.3875,1.1,0.3025,1.9325,0.9725,0.0524
10/8/2021,14.9313,132,14.105,1.135,0.3,1.925,0.94,0.0521
10/1/2021,14.8751,132,15.72,1.675,0.355,2.8875,1.13,0.0581
9/24/2021,14.9489,144,15.3775,1.775,0.28,3.0425,0.8525,0.0505
9/17/2021,14.769,155,15.1175,1.2375,0.285,2.1575,0.945,0.055
9/10/2021,14.2041,134,13.02,1.1525,0.2925,2.015,1.025,0.0517
9/3/2021,14.3144,135,12.7875,1.125,0.295,1.915,1.0275,0.0521
8/27/2021,14.7271,183,13.48,1.0875,0.255,1.835,0.8725,0.05
8/20/2021,15.3038,158,15.0225,1.07,0.3025,1.87,1.065,0.0496
8/13/2021,14.7522,168,13.64,1.1525,0.305,2.015,1.06,0.0496
8/6/2021,14.6268,129,14.005,1.495,0.32,2.56,1.075,0.0495
7/30/2021,14.6105,125,13.6975,1.4125,0.3175,2.445,1.075,0.0475
7/23/2021,14.8528,150,15.0175,1.79,0.35,3.0625,1.1775,0.0471
7/16/2021,14.4452,113,14.0375,1.7875,0.345,3.0275,1.125,0.0479
7/9/2021,14.2162,122,13.1525,1.5775,0.32,2.735,1.0525,0.0476
7/2/2021,14.2487,125,12.08,1.65,0.3275,2.8325,1.02,0.0481
6/25/2021,14.147,140,12.1725,1.685,0.305,2.915,0.9375,0.0445
6/18/2021,14.3677,118,14.7875,2.0525,0.34,3.5075,1.025,0.0497
6/11/2021,13.7122,110,12.55,1.555,0.2925,2.7225,0.94,0.0175
6/4/2021,13.4303,122,11.55,1.495,0.295,2.5825,0.94,0.01
5/28/2021,13.7822,127,11.1675,1.315,0.2725,2.28,0.9,0.0065
5/21/2021,13.9638,137,11.8225,1.9,0.3075,3.2875,1.005,0.0128
5/14/2021,14.1306,137,12.6075,2.3,0.325,3.99,1.0125,0.0134
5/7/2021,14.0578,132,11.6075,2.27,0.3325,3.9125,1.01,0.0145
4/30/2021,14.4999,146,13.0225,2.4025,0.33,4.12,1,0.02
4/23/2021,14.285,133,12.5125,2.035,0.305,3.49,0.9725,0.0195
4/16/2021,14.3067,136,12.46,2.005,0.295,3.435,0.9175,0.0095
4/9/2021,14.6064,148,13.36,2.3325,0.415,3.9975,1.1475,0.0167
4/2/2021,14.6755,148,15.07,2.29,0.42,3.975,1.245,0.0125
3/26/2021,14.9742,166,17.335,2.5975,0.4275,4.5025,1.235,0.018
3/19/2021,14.7087,132,16.4625,2.3775,0.4825,4.1025,1.4725,0.004
3/12/2021,14.9606,118,18.93,1.9875,0.425,3.4125,1.32,0.0219
3/5/2021,15.3688,123,17.89,2.0325,0.4125,3.49,1.285,0.0191
2/26/2021,15.1105,132,19.9675,2.29,0.3925,3.93,1.2025,0.0217
2/19/2021,14.6907,147,14.855,2.005,0.3525,3.4625,1.065,0.017
2/12/2021,14.5494,141,12.445,1.515,0.34,2.625,1.075,0.03
2/5/2021,14.8339,129,15.6225,1.7275,0.4525,2.9625,1.41,0.0262
1/29/2021,15.1658,157,16.83,1.9175,0.4,3.3225,1.2,0.0381
1/22/2021,15.156,146,16.44,1.9375,0.3875,3.36,1.165,0.0813
1/15/2021,15.2346,157,16.2075,2.035,0.39,3.4975,1.205,0.075
1/8/2021,15.2953,167,18.36,2.36,0.4225,4.055,1.255,0.0834
1/1/2021,14.6944,176,16.7,2.06,0.4325,3.545,1.33,0.0876
12/25/2020,14.6093,236,13.605,1.845,0.4025,3.2075,1.23,0.106
12/18/2020,14.5448,138,13.4975,1.2525,0.355,2.175,1.0975,0.0712
12/11/2020,15.1328,133,15.545,1.445,0.355,2.4675,1.12,0.0735
12/4/2020,15.2285,133,13.59,1.69,0.38,2.88,1.11,0.075
11/27/2020,15.269,136,14.22,1.6675,0.375,2.8825,1.1475,0.0726
11/20/2020,15.4133,128,14.05,1.66,0.4575,2.8625,1.43,0.071
11/13/2020,15.5106,127,16.315,1.62,0.08,2.895,0.21,0.082
11/6/2020,15.5966,130,15.385,1.63,0.315,2.785,0.9525,0.0946
10/30/2020,16.2423,129,21.6475,1.8975,0.3875,3.2425,1.21,0.0786
10/23/2020,16.2034,134,15.1125,1.2,0.31,2.07,0.955,0.085
10/16/2020,16.5579,135,14.775,1.2525,0.44,2.1225,1.3825,0.0801
10/9/2020,16.471,129,14.855,1.315,0.4175,2.2425,1.34,0.075
10/2/2020,16.535,135,17.2425,1.825,0.425,3.1075,1.3275,0.075
9/25/2020,17.1358,157,20.7725,2.16,0.5,3.7525,1.5575,0.0789
9/18/2020,16.3299,130,15.5325,1.06,0.3725,1.78,1.23,0.0797
9/11/2020,16.7494,136,16.8,1.315,0.415,2.295,1.3425,0.0858
9/4/2020,16.5857,146,14.695,1.015,0.4125,1.795,1.3525,0.09
8/28/2020,16.5946,158,14.955,1.1925,0.45,2.0675,1.5,0.0738
8/21/2020,17.1575,151,13.5,1.1575,0.4625,2.045,1.5325,0.08
8/14/2020,17.3655,125,14.1,1.44,0.47,2.495,1.49,0.0955
8/7/2020,17.6384,127,16.585,1.5525,0.4675,2.6925,1.5225,0.0857
7/31/2020,17.0679,128,16.905,1.585,0.4675,2.7625,1.525,0.0783
7/24/2020,16.659,122,15.46,1.03,0.4325,1.75,1.415,0.1048
7/17/2020,16.6823,123,14.24,0.91,0.385,1.605,1.245,0.102
7/10/2020,16.7798,130,13.78,1.2025,0.415,2.1275,1.325,0.0968
7/3/2020,17.0143,133,13.565,1.415,0.4375,2.485,1.3425,0.085
6/26/2020,17.2841,137,16.73,1.7875,0.7425,3.09,2.4275,0.0724
6/19/2020,17.3226,133,19.1975,2.265,0.6275,3.9875,1.9475,0.1001
6/12/2020,17.0585,135,18.1975,1.7425,0.54,3.065,1.7,0.093
6/5/2020,16.8519,148,15.3875,1.2725,0.5275,2.205,1.655,0.0797
5/29/2020,17.5457,132,15.13,1.8975,0.6225,3.3,1.975,0.055
5/22/2020,17.6157,130,17.2775,2.3375,0.84,4.1025,2.6525,0.0705
5/15/2020,18.5868,151,18.1075,3.0475,0.96,5.3725,3.0125,0.0456
5/8/2020,18.3436,159,19.5675,3.3875,0.92,5.945,2.955,0.0722
5/1/2020,18.8146,163,21.1825,3.6425,0.8975,6.37,2.7225,0.0253
4/24/2020,19.0743,146,24.02,4.05,1.24,7.0525,3.9075,0.0489
4/17/2020,18.7999,133,26.005,4.3375,1.26,7.6,3.98,0.0309
4/10/2020,18.0235,163,25.195,4.865,1.2075,8.5025,3.72,-0.02
4/3/2020,19.0447,205,29.64,4.65,1.175,8.085,3.6925,0.0401
3/27/2020,17.6291,193,28.8425,3.3775,1.065,5.93,3.545,0.097
3/20/2020,17.5979,172,32.24,4.605,1.01,8.02,3.07,0.3075
3/13/2020,16.2651,178,31.495,4.7425,0.825,8.1675,2.365,0.3416
3/6/2020,15.6749,180,20.8,2.8375,0.3625,3.895,0.995,1.1229
2/28/2020,15.6368,175,17.615,1.855,0.2325,3.2175,0.675,1.506
2/21/2020,15.0005,157,15.5825,1.6825,0.2375,2.88,0.69,1.5906
2/14/2020,14.917,152,10.87,1.4825,0.215,2.5625,0.6225,1.5818
2/7/2020,15.075,148,14.155,1.9275,0.2275,3.3,0.6275,1.5744
1/31/2020,15.0073,140,13.5475,1.815,0.2625,3.095,0.7375,1.5773
1/24/2020,14.3987,143,10.07,1.1725,0.195,2.0475,0.58,1.6245
1/17/2020,14.4642,138,10.5025,1.08,0.205,1.8225,0.6325,1.5462
1/10/2020,14.3676,141,11.32,1.0725,0.1975,1.81,0.59,1.568
1/3/2020,14.3101,134,13.09,1.095,0.31,1.84,1.07,1.5485
12/27/2019,14.0372,133,9.835,1.18,0.3175,2.0225,0.9775,1.6164
12/20/2019,14.2761,139,7.8375,0.93,0.275,1.585,0.8425,1.54
12/13/2019,14.5228,183,11.11,1.1125,0.2625,1.89,0.825,1.605
12/6/2019,14.6117,145,10.4675,1.165,0.2375,2.0125,0.71,1.635
11/29/2019,14.6585,142,9.3025,0.8775,0.195,1.52,0.6175,1.615
11/22/2019,14.7117,156,9.495,0.99,0.1975,1.6625,0.6075,1.627
11/15/2019,14.7118,149,11.1325,1.005,0.21,1.6875,0.65,1.573
11/8/2019,14.8622,142,11.67,1.2375,0.2175,2.115,0.65,1.589
11/1/2019,15.0233,141,15.76,1.89,0.23,3.2525,0.645,1.603
10/25/2019,14.6266,137,12.9225,1.285,0.2,2.22,0.54,1.69
10/18/2019,14.7608,138,11.74,1.1875,0.2075,2.065,0.5575,1.871
10/11/2019,14.7818,138,12.03,1.3325,0.2225,2.305,0.5825,1.87
10/4/2019,15.0578,143,11.7625,1.4275,0.2325,2.445,0.605,1.872
9/27/2019,15.128,140,13.4925,1.475,0.2675,2.56,0.7175,2.083
9/20/2019,14.9338,138,13.505,1.3275,0.26,2.3075,0.715,1.975
9/13/2019,14.5762,155,13.4675,1.4475,0.27,2.5175,0.73,2.065
9/6/2019,14.805,131,12.72,1.175,0.2275,2.01,0.625,2.215
8/30/2019,15.1876,151,14.3025,1.9825,0.25,3.425,0.6125,2.235
8/23/2019,15.2424,149,14.875,2.01,0.25,3.47,0.615,2.2
8/16/2019,15.3044,134,15.12,2.0925,0.2125,3.68,0.605,2.155
8/9/2019,15.253,135,17.7125,2.6575,0.2225,4.625,0.54,2.16
8/2/2019,14.7863,127,14.5125,1.895,0.19,3.3475,0.5425,2.205
7/26/2019,14.2955,126,13.9925,1.6525,0.3075,2.8475,0.8075,2.263
7/19/2019,13.935,122,11.36,1.2275,0.3125,2.115,0.84,2.43
7/12/2019,13.9583,124,12.905,1.4725,0.3225,2.53,0.84,2.43
7/5/2019,14.1773,124,13.02,1.37,0.305,2.37,0.8375,2.41
6/28/2019,14.0819,125,13.1525,1.5375,0.31,2.65,0.8,2.3839
6/21/2019,14.3278,131,14.015,1.4725,0.2425,2.615,0.695,2.5372
6/14/2019,14.8183,132,15.7225,1.9975,0.285,3.4325,0.725,2.32
6/7/2019,14.9555,134,14.5575,2.1825,0.2875,3.92,0.795,2.3909
5/31/2019,14.585,130,13.655,1.975,0.3425,3.375,0.865,2.435
5/24/2019,14.423,125,12.045,1.825,0.3525,3.11,0.8875,2.4369
5/17/2019,14.4245,130,12.95,1.95,0.3025,3.515,0.8575,2.4316
5/10/2019,14.1614,119,14.385,2.205,0.3025,3.96,0.84,2.4188
5/3/2019,14.3528,121,16.085,2.1725,0.3425,3.685,0.845,2.4383
4/26/2019,14.3814,121,13.2525,2.34,0.4675,3.98,1.135,2.463
4/19/2019,14.066,133,11.85,1.8825,0.3375,3.235,0.865,2.4588
4/12/2019,13.9664,113,12.1675,1.93,0.295,3.4525,0.83,2.4496
4/5/2019,14.0923,119,13.195,1.6,0.345,2.765,0.9375,2.4468
3/29/2019,14.5002,125,18.0975,2.79,0.39,4.7875,0.96,2.4459
3/22/2019,14.4927,118,15.41,2.445,0.405,4.195,1.025,2.4523
3/15/2019,14.405,118,12.8525,2.1625,0.4825,3.67,1.2325,2.4408
3/8/2019,14.4375,116,14.8475,2.6675,0.3225,4.7825,0.89,2.4408
3/1/2019,14.2299,112,15.1,2.5575,0.435,4.3975,1.1,2.44
2/22/2019,13.9971,115,14.37,2.235,0.3,4.025,0.825,2.4404
2/15/2019,14.0736,119,20.775,3.105,0.345,5.4725,0.94,2.4396
2/8/2019,13.6103,104,14.3575,1.93,0.38,3.3225,1.015,2.4359
2/1/2019,13.3224,102,12.9975,1.645,0.35,2.825,0.93,2.4383
1/25/2019,13.6172,111,13.245,1.75,0.365,3.0025,0.96,2.445
1/18/2019,13.8472,114,13.88,1.665,0.3275,2.8375,0.8825,2.4426
1/11/2019,13.8326,114,15.835,1.99,0.3775,3.3825,0.9875,2.4425
1/4/2019,13.964,96,17.875,2.1675,0.3925,3.7125,1.025,2.4416
12/28/2018,14.4312,116,16.8975,1.755,0.3775,3.015,1.0225,2.4408
12/21/2018,14.6379,123,15.715,1.9025,0.3225,3.29,0.8525,2.4501
12/14/2018,14.404,137,20.095,2.475,0.355,4.195,0.9825,2.3742
12/7/2018,14.1725,111,18.885,2.4825,0.3625,4.2375,0.9575,2.252
11/30/2018,13.8626,114,16.1625,1.83,0.33,3.1275,0.9375,2.247
11/23/2018,13.8586,118,16.12,1.89,0.355,3.23,0.9775,2.2408
11/16/2018,13.9846,104,16.8425,1.81,0.35,3.0825,0.9775,2.2419
11/9/2018,14.3348,119,17.8925,1.94,0.4275,3.3475,1.2575,2.2484
11/2/2018,14.3052,108,18.8825,1.8825,0.395,3.23,1.1575,2.2417
10/26/2018,14.6038,129,18.0225,2.265,0.5475,3.8625,1.575,2.2383
10/19/2018,14.3915,128,18.6475,2.2375,0.44,3.8375,1.26,2.2308
10/12/2018,14.5265,129,19.2675,2.485,0.505,4.34,1.4575,2.2244
10/5/2018,14.7765,137,18.3925,2.45,0.5775,4.22,1.6725,2.2258
9/28/2018,14.1467,135,16.3375,2.1475,0.5625,3.7025,1.63,2.2184
9/21/2018,14.3104,132,17.4325,2.7575,0.6075,4.7525,1.695,2.1359
9/14/2018,14.9363,137,19.21,2.99,0.645,5.16,1.775,1.9604
9/7/2018,15.2352,153,22.565,4.41,0.66,7.49,1.615,1.9557
8/31/2018,14.6902,151,22.595,3.98,0.5575,6.8475,1.3675,1.9599
8/24/2018,14.2531,130,20.255,3.245,0.345,5.7425,0.8675,1.9649
8/17/2018,14.6559,138,27.63,3.4675,0.305,5.955,0.6975,1.9557
8/10/2018,14.0682,127,20.1175,3.2225,0.26,5.6975,0.6225,1.9519
8/3/2018,13.324,119,14.2475,1.485,0.24,2.5325,0.5975,1.9537
7/27/2018,13.1832,122,14.6125,1.57,0.355,2.6975,0.865,1.9595
7/20/2018,13.4037,123,15.12,1.9075,0.2775,3.34,0.7,1.9557
7/13/2018,13.266,120,14.6275,1.485,0.2875,2.585,0.705,1.9539
7/6/2018,13.4653,123,15.36,1.655,0.275,2.845,0.67,1.9583
6/29/2018,13.7272,120,16.8675,2.07,0.25,3.635,0.6375,1.9607
6/22/2018,13.4236,120,17.9525,2.2475,0.27,3.945,0.65,1.9709
6/15/2018,13.4301,119,17.4675,2.2975,0.295,4.0175,0.7275,1.9459
6/8/2018,13.066,122,19.28,2.51,0.2925,4.42,0.745,1.8628
6/1/2018,12.6936,119,14.28,1.8925,0.2475,3.3675,0.6,1.7479
5/25/2018,12.5004,118,14.8175,1.795,0.2775,3.0875,0.66,1.7404
5/18/2018,12.7756,120,16.23,1.3825,0.2675,2.4,0.675,1.7449
5/11/2018,12.2694,118,13.13,1.375,0.2725,2.37,0.665,1.7469
5/4/2018,12.4974,119,14.5275,1.5,0.255,2.5675,0.6075,1.7444
4/27/2018,12.3275,123,12.3775,1.33,0.2575,2.265,0.65,1.7468
4/20/2018,12.104,137,10.38,0.9475,0.2475,1.66,0.555,1.7278
4/13/2018,12.0858,117,11.695,1.185,0.335,2.075,0.65,1.7279
4/6/2018,12.0322,118,11.73,1.15,0.385,1.995,0.66,1.7294
3/30/2018,11.8418,124,11.705,1.025,0.21,1.795,0.48,1.7256
3/23/2018,11.7333,122,13.34,1.26,0.08,2.19,0.37,1.6863
3/16/2018,11.9828,128,12.545,1.5225,0.2875,2.665,0.585,1.6113
3/9/2018,11.8203,128,12.7075,1.5125,0.0425,2.76,0.355,1.4689
3/2/2018,11.9232,128,14.2175,1.3825,0.05,2.445,0.31,1.4639
2/23/2018,11.55,123,12.5425,1.3675,0.5125,2.425,0.755,1.4529
2/16/2018,11.6311,125,16.0075,1.78,0.005,3.04,0.33,1.4636
2/9/2018,11.9937,129,15.44,1.99,0.635,3.51,0.98,1.4619
2/2/2018,12.0903,129,13.61,1.695,0.52,3.165,0.895,1.4624
1/26/2018,11.8581,129,13.65,1.69,0.37,2.935,0.615,1.4537
1/19/2018,12.1688,128,13.235,1.5375,0.43,2.705,0.7075,1.4613
1/12/2018,12.3649,143,13.41,1.27,0.025,2.25,0.29,1.4594
1/5/2018,12.3085,134,14.255,1.7375,0.255,3.07,0.5325,1.4606
12/29/2017,12.3775,137,13.125,1.56,0.31,2.715,0.57,1.4506
12/22/2017,12.6024,138,11.305,1.605,0.705,2.83,0.985,1.3902
12/15/2017,13.1025,169,42.0375,2.1875,-0.605,3.6275,-0.4875,1.4479
12/8/2017,13.6556,138,17.32,1.8725,0.355,3.2075,0.8825,1.3744
12/1/2017,13.7401,152,15.135,1.71,0.81,2.96,1.3875,1.2005
11/24/2017,14.1527,159,23.61,3.3375,0.45,5.9375,0.9975,1.1824
11/17/2017,13.9704,160,15.7225,1.69,0.66,2.8675,1.225,1.1989
11/10/2017,14.3773,162,15.29,1.765,0.45,3.0475,0.97,1.2004
11/3/2017,14.222,164,15.8025,1.9675,0.605,3.3925,1.1625,1.2004
10/27/2017,14.1099,190,19.5525,2.765,0.2825,4.925,0.83,1.1944
10/20/2017,13.6535,160,14.6575,1.5875,0.245,2.845,0.6125,1.2004
10/13/2017,13.2663,151,13.0325,1.2,0.38,2.085,0.715,1.2021
10/6/2017,13.72,158,11.7875,1.3225,0.5225,2.365,1.03,1.2004
9/29/2017,13.549,156,13.63,1.585,0.335,2.85,0.8575,1.2002
9/22/2017,13.2463,149,11.8325,1.49,0.41,2.73,0.8925,1.1674
9/15/2017,13.1697,147,14.165,1.465,0.3025,2.64,0.82,1.1954
9/8/2017,12.9333,148,12.1725,1.25,0.4025,2.1475,0.99,1.1964
9/1/2017,12.938,150,10.82,1.0375,0.345,1.78,0.9375,1.2004
8/25/2017,13.0176,152,11.1,1.0775,0.44,1.9425,1.065,1.1876
8/18/2017,13.1616,155,12.5575,1.2425,0.4125,2.1275,1.01,1.2004
8/11/2017,13.474,156,15.1275,1.275,0.36,2.185,0.97,1.2009
8/4/2017,13.4255,161,15.275,1.4225,0.3825,2.37,0.945,1.2004
7/28/2017,13.0054,151,12.7225,2.0325,0.385,3.4325,1.2575,1.2004
7/21/2017,12.9155,151,14.035,1.9675,0.3325,3.265,1.03,1.1904
7/14/2017,13.0338,163,15.5225,2.18,0.3175,3.575,1.0425,1.2005
7/7/2017,13.3918,171,16.025,2.365,0.3425,4.1575,1.1175,1.2004
6/30/2017,13.095,158,14.7125,2.2425,0.3475,3.8275,1.155,1.2004
6/23/2017,12.9297,182,14.545,1.835,0.32,3.015,0.99,1.1613
6/16/2017,12.805,160,14.36,1.595,0.345,2.75,1.21,1.1999
6/9/2017,12.9349,162,17.255,1.8125,0.35,3.08,0.92,1.1213
6/2/2017,12.8282,165,16.5375,1.76,0.3225,3.03,0.8925,0.9504
5/26/2017,12.8676,177,17.28,1.585,0.3225,2.735,1.0425,0.9494
5/19/2017,13.2297,171,15.835,1.8825,0.3525,3.19,0.89,0.9504
5/12/2017,13.3642,164,14.07,1.43,0.365,2.445,1.12,0.9504
5/5/2017,13.417,162,18.07,1.7175,0.4425,3.075,1.715,0.9487
4/28/2017,13.3697,164,17.285,1.5425,0.4925,2.435,1.7825,0.951
4/21/2017,13.1126,158,18.3525,2.155,0.5025,3.575,1.57,0.9119
4/14/2017,13.4226,161,16.2375,2.295,0.47,3.99,1.495,0.9504
4/7/2017,13.777,165,22.025,3.045,0.58,5.66,2.53,0.9504
3/31/2017,13.4214,160,26.37,3.975,0.66,7.63,2.755,0.9414
3/24/2017,12.4374,150,13.4975,1.5075,0.29,2.3825,1.05,0.9114
3/17/2017,12.7267,155,11.61,1.6075,0.295,2.7175,1.1175,0.9505
3/10/2017,13.1802,191,16.315,2.3375,0.465,3.915,1.5575,0.8721
3/3/2017,13.0228,161,15.1,2.4875,0.4625,4.33,1.64,0.7004
2/24/2017,12.9545,160,15.885,1.925,0.35,3.3025,1.2425,0.6819
2/17/2017,13.0535,162,15.7675,1.685,0.3675,2.845,1.2725,0.6867
2/10/2017,13.3559,164,17.655,2.145,0.5025,3.73,1.7225,0.7009
2/3/2017,13.2699,159,18.2225,2.15,0.475,3.8175,1.8225,0.7016
1/27/2017,13.467,161,18.2425,1.975,0.4075,3.615,1.7525,0.6869
1/20/2017,13.5939,174,18.715,1.8525,0.63,3.1075,2.6725,0.6995
1/13/2017,13.5257,175,19.1375,1.515,0.67,2.69,2.9075,0.6954
1/6/2017,13.7708,174,18.5775,1.3975,0.65,2.46,2.735,0.6964
12/30/2016,13.7427,165,17.17,1.14,0.5175,2.01,2.4425,0.6929
12/23/2016,13.9978,176,14.48,1.425,0.58,2.54,2.62,0.5989
12/16/2016,14.0172,240,23.36,2.3225,0.6775,4.295,2.89,0.6979
12/9/2016,13.7988,174,22.1325,1.835,0.6875,3.2425,3.605,0.5859
12/2/2016,13.8038,181,23.0025,2.2225,0.65,3.78,2.82,0.4234
11/25/2016,14.117,189,22.2775,2.45,0.735,4.0975,2.955,0.4344
11/18/2016,14.4362,196,23.7125,3.2625,0.66,5.7025,3.21,0.4494
11/11/2016,14.3458,194,25.535,3.1,0.675,5.2825,2.6625,0.4494
11/4/2016,13.5846,186,24.355,3.2775,0.6,5.225,2.1025,0.451
10/28/2016,13.8211,194,19.9,2.1325,0.5825,3.395,2.1575,0.4584
10/21/2016,13.9855,215,19.3075,2.2325,0.64,3.65,2.4825,0.4432
10/14/2016,14.322,195,22.36,2.6275,0.55,4.305,2.05,0.4494
10/7/2016,13.8763,169,18.685,2.015,0.4825,3.3325,1.855,0.4444
9/30/2016,13.7306,180,20.1125,1.9,0.5125,3.09,1.88,0.4384
9/23/2016,13.7187,183,18.4,1.9825,0.505,3.255,1.9025,0.392
9/16/2016,14.1818,194,21.7825,2.4125,0.515,4.0775,1.8225,0.463
9/9/2016,14.4147,198,21.52,2.39,0.48,3.99,1.78,0.4442
9/2/2016,14.4902,197,20.59,2.8075,0.4125,4.7575,1.5525,0.4409
8/26/2016,14.3638,224,22.12,2.565,0.4475,4.7975,2.6575,0.4252
8/19/2016,13.4972,185,15.4725,1.5725,0.4125,2.6925,1.65,0.4424
8/12/2016,13.4701,180,15.9325,1.3725,0.4,2.3875,1.6525,0.4419
8/5/2016,13.7057,185,17.3375,1.3675,0.355,2.3375,1.4675,0.4404
7/29/2016,13.8966,226,18.9625,1.37,0.3875,2.25,1.515,0.4344
7/22/2016,14.2962,204,20.1425,1.2825,0.445,1.99,1.9525,0.4175
7/15/2016,14.564,199,18.215,1.1525,0.47,1.8475,2.2575,0.4339
7/8/2016,14.5474,212,18.465,1.51,0.505,2.695,2.365,0.4284
7/1/2016,14.5637,208,20.5,1.5975,0.4675,2.735,2.2725,0.4294
6/24/2016,15.077,229,25.435,2.3875,0.54,4.31,2.675,0.4194
6/17/2016,15.154,212,26.885,1.5775,0.4225,2.56,1.775,0.4159
6/10/2016,15.2063,209,21.33,1.1225,0.4175,1.81,1.985,0.4119
6/3/2016,15.0869,214,18.2775,1.0475,0.47,1.83,2.265,0.3889
5/27/2016,15.7213,229,19.4875,1.29,0.4625,2.025,2.0875,0.4105
5/20/2016,15.6321,221,22.165,1.705,0.47,2.635,2.185,0.4044
5/13/2016,15.4076,206,21.7025,1.525,0.4425,1.5175,2.55,0.3994
5/6/2016,14.869,211,19.895,1.0825,0.54,1.99,2.5475,0.4073
4/29/2016,14.2285,197,17.315,0.8675,0.4775,1.54,2.23,0.4064
4/22/2016,14.4027,205,18.105,0.96,0.41,1.7225,2.0225,0.3834
4/15/2016,14.5692,199,17.655,1.2075,0.5225,1.83,2.63,0.3954
4/8/2016,14.9804,207,19.1575,1.175,0.4675,1.945,2.265,0.4014
4/1/2016,14.6895,207,18.11,1.075,0.61,1.72,2.875,0.4059
3/25/2016,15.456,215,22.4825,1.5825,0.58,2.5075,2.9375,0.4054
3/18/2016,15.2559,207,22.5325,1.3625,0.6,2.345,3.075,0.4154
3/11/2016,15.2275,200,21.6175,1.18,0.56,1.9225,2.67,0.4234
3/4/2016,15.344,206,19.7725,1.4525,0.6075,2.5325,2.36,0.4109
2/26/2016,16.1753,213,24.4625,2.18,0.5875,2.0125,3.115,0.4173
2/19/2016,15.4027,205,18.345,0.9925,0.58,1.7975,2.785,0.4108
2/12/2016,15.8825,207,20.295,1.205,0.84,2.08,4.57,0.4189
2/5/2016,16.0243,204,18.49,1.335,0.815,2.39,4.555,0.4144
1/29/2016,15.8858,211,19.7425,1.4075,0.8675,2.4,4.94,0.4114
1/22/2016,16.4585,209,21.2625,1.4425,0.975,2.7475,5.45,0.3834
1/15/2016,16.7907,207,21.8725,1.7525,0.975,3.0325,5.5825,0.3911
1/8/2016,16.3223,198,19.155,1.515,0.94,2.59,5.08,0.4024
1/1/2016,15.4594,186,16.2775,0.8725,1.67,1.4925,6.455,0.3814
12/25/2015,15.2335,212,15.78,1.285,0.8825,2.3075,3.985,0.3404
12/18/2015,15.0723,199,17.915,1.28,1.11,2.1925,4.4275,0.4012
12/11/2015,15.8857,194,34.9725,2.0125,0.885,4.1125,5.2975,0.3089
12/4/2015,14.3684,174,13.6475,0.89,0.3875,1.485,1.88,0.1699
11/27/2015,14.4038,172,16.35,0.905,0.355,1.5725,1.405,0.1594
11/20/2015,13.955,168,13.3625,0.795,0.3775,1.355,1.675,0.1604
11/13/2015,14.4048,171,14.925,0.9175,0.4125,1.545,1.7,0.1622
11/6/2015,14.1543,166,15.825,1.015,0.4125,1.6575,1.6675,0.1684
10/30/2015,13.8209,164,16.86,1.105,0.66,1.9,2.975,0.1732
10/23/2015,13.6347,162,15.945,1.09,0.705,1.885,3.12,0.1539
10/16/2015,13.0841,165,14.27,1.08,0.6475,1.8775,2.8925,0.1704
10/9/2015,13.3519,162,14.9975,1.2525,0.62,2.1775,2.7375,0.1669
10/2/2015,13.7301,167,16.07,1.74,0.6225,3.0675,2.8175,0.1724
9/25/2015,13.9127,163,19.4225,1.9075,0.4525,3.265,1.9575,0.1599
9/18/2015,13.3148,152,15.4525,1.6625,0.6425,3.02,2.965,0.1799
9/11/2015,13.5564,162,21.715,2.06,0.69,3.54,3.29,0.2222
9/4/2015,13.8674,159,19.88,2.35,0.605,4.21,2.795,0.1864
8/28/2015,13.3117,158,17.785,1.5275,1.7625,3.2,3.315,0.1782
8/21/2015,12.9694,155,12.68,1.235,0.375,2.2,1.475,0.1829
8/14/2015,12.8255,153,12.28,1.255,0.365,2.255,1.51,0.1819
8/7/2015,12.6286,155,12.44,1.22,0.335,2.155,1.375,0.1752
7/31/2015,12.6801,156,14.44,1.3475,0.285,2.39,1.15,0.1729
7/24/2015,12.6226,150,14.395,1.27,0.28,2.235,1.13,0.1749
7/17/2015,12.36,145,10.295,0.88,0.2225,1.5675,0.9275,0.1719
7/10/2015,12.4532,146,12.09,1.2575,0.25,2.1825,0.9975,0.1664
7/3/2015,12.322,147,13.44,1.4875,0.4075,2.5475,1.725,0.1734
6/26/2015,12.2014,152,12.68,1.1625,0.29,2.0775,1.1225,0.1612
6/19/2015,12.1636,157,12.47,1.05,0.2725,1.89,1.0975,0.1849
6/12/2015,12.3793,158,14.6125,1.2825,0.24,2.2875,0.945,0.1804
6/5/2015,12.5792,176,14.125,1.3575,0.2725,2.39,1.0325,0.1742
5/29/2015,12.1525,146,14.3475,1.455,0.2825,2.55,1.12,0.1609
5/22/2015,11.8919,136,11.76,0.9125,0.265,1.5225,1.05,0.1454
5/15/2015,11.7974,137,12.975,1.085,0.33,1.87,1.41,0.1642
5/8/2015,11.9183,138,14.0725,1.5975,0.295,2.865,1.125,0.1729
5/1/2015,12.0658,139,14.18,1.57,0.2575,2.7775,0.94,0.1702
4/24/2015,12.1222,141,15.435,1.55,0.3175,2.6025,1.24,0.1664
4/17/2015,12.0675,135,14.3875,1.5225,0.285,2.7225,1.025,0.1669
4/10/2015,11.9962,137,13.4325,1.79,0.3575,3.0675,1.4925,0.1632
4/3/2015,11.7997,139,13.1375,1.6325,0.32,2.9075,1.3175,0.1582
3/27/2015,12.0438,140,15.4925,1.815,0.3,3.2725,1.18,0.1569
3/20/2015,12.019,137,15.05,1.72,0.325,3.08,1.33,0.1622
3/13/2015,12.4792,141,17.7375,1.6875,0.295,3.3775,1.135,0.1662
3/6/2015,12.0438,131,15.2475,1.7775,0.335,3.2525,1.3275,0.1689
2/27/2015,11.6585,130,12.2425,1.4675,0.33,2.7175,1.3125,0.1594
2/20/2015,11.6426,130,12.7725,1.2075,0.2925,2.1875,1.095,0.1514
2/13/2015,11.666,132,13.46,1.8325,0.35,3.315,1.2875,0.1649
2/6/2015,11.5039,127,11.7225,1.4925,0.34,2.6775,1.27,0.1694
1/30/2015,11.6476,128,12.885,1.7975,0.3375,3.15,1.31,0.1642
1/23/2015,11.4048,125,10.9075,1.22,0.26,2.215,1.0375,0.1594
1/16/2015,11.5501,129,12.11,1.2125,0.2725,2.1975,1.0875,0.1632
1/9/2015,11.4947,120,11.28,1.2025,0.37,2.15,1.6425,0.1514
1/2/2015,11.6832,120,12.535,1.7275,0.3525,3.1325,1.2775,0.1522
12/26/2014,11.5973,127,12.23,1.6,-0.6175,2.7775,1.45,0.1574
12/19/2014,11.5827,123,11.46,1.3975,0.4075,2.485,1.755,0.1689
12/12/2014,11.5916,133,12.26,1.4525,0.2375,2.56,0.885,0.1419
12/5/2014,11.3519,142,11.6775,1.22,0.295,2.1425,1.0225,0.1524
11/28/2014,11.0629,124,9.595,0.8875,0.31,1.5525,1.1725,0.1469
11/21/2014,10.9458,118,8.9025,1.005,0.2775,1.78,1.0075,0.1459
11/14/2014,11.0835,122,9.7625,1.175,0.28,2.07,1.0075,0.1382
11/7/2014,11.2705,126,10.95,1.215,0.29,2.175,0.995,0.1292
10/31/2014,11.0395,143,10.0125,0.9925,0.2725,1.78,0.9725,0.1292
10/24/2014,10.9304,124,9.4075,0.9725,0.285,1.7425,1.07,0.1262
10/17/2014,11.0805,126,9.7575,0.99,0.28,1.795,1.0125,0.1284
10/10/2014,11.12,125,8.8475,1.0725,0.2875,1.9275,1.0375,0.1239
10/3/2014,11.3444,128,9.935,1.245,0.2775,2.2225,0.9725,0.1274
9/26/2014,11.2286,127,9.44,1.2625,0.2875,2.26,1.0225,0.1282
9/19/2014,11.0798,122,9.04,1.465,0.3,2.62,1.085,0.1302
9/12/2014,11.023,121,11.815,1.1775,0.32,2.045,1.215,0.1304
9/5/2014,10.6932,115,7.5725,0.96,0.1075,1.6975,0.5975,0.1294
8/29/2014,10.6666,117,8.3325,1.0225,0.2575,1.8175,0.895,0.1284
8/22/2014,10.6908,122,8.63,0.895,0.28,1.575,1.02,0.1329
8/15/2014,10.592,120,9.1025,1.3475,0.17,2.345,0.54,0.1304
8/8/2014,10.6594,123,9.0475,1.02,0.285,1.81,1.0375,0.1304
8/1/2014,10.6784,119,8.0825,0.8775,0.2425,1.585,0.84,0.1304
7/25/2014,10.5125,122,8.28,0.8075,0.3125,1.455,1.255,0.1159
7/18/2014,10.6476,124,8.5,0.8375,0.3125,1.485,1.245,0.1304
7/11/2014,10.7055,121,9.4125,0.94,0.2575,1.6825,0.8525,0.1314
7/4/2014,10.7571,125,9.025,0.685,0.2975,1.2275,1.14,0.1374
6/27/2014,10.588,122,9.5725,0.75,0.29,1.325,1.105,0.1394
6/20/2014,10.6507,124,9.1425,0.8325,0.2725,1.48,1.055,0.1354
6/13/2014,10.6777,116,12.1125,0.8625,0.2875,1.53,1.0375,0.1372
6/6/2014,10.5875,120,12.1475,0.8125,0.2375,1.455,0.695,0.1304
5/30/2014,10.5723,119,11.7925,0.8425,0.31,1.4725,1.1875,0.1289
5/23/2014,10.2993,115,8.8775,0.785,0.27,1.365,1.015,0.1309
5/16/2014,10.3553,111,9.35,0.88,0.3575,1.5325,1.5425,0.1279
5/9/2014,10.3481,113,8.2775,0.845,0.3475,1.4975,1.4975,0.1294
5/2/2014,10.4796,114,8.825,0.83,0.295,1.48,1.09,0.1269
4/25/2014,10.6685,114,10.1275,0.8575,0.29,1.53,1.0425,0.1319
4/18/2014,10.505,112,9.5425,0.88,0.3525,1.6,1.35,0.1224
4/11/2014,10.49,111,10.3375,1.0075,0.26,1.7775,0.9775,0.1212
4/4/2014,10.5625,112,12.065,0.815,0.2925,1.46,0.9225,0.1189
3/28/2014,10.5765,114,11.9175,1.15,0.3375,2.0475,1.245,0.1244
3/21/2014,10.8898,116,11.965,1.2325,0.275,2.215,0.95,0.1194
3/14/2014,10.6711,115,12.6675,1.105,0.2675,1.9275,0.995,0.1179
3/7/2014,10.7295,111,11.335,1.08,0.2725,1.9125,1,0.1204
2/28/2014,10.7551,110,12.3775,1.0675,0.2675,1.8825,0.9775,0.1069
2/21/2014,10.9296,112,13.9125,1.4725,0.3425,2.705,1.015,0.1059
2/14/2014,10.8609,113,11.6575,1.2575,0.285,2.26,1.01,0.1109
2/7/2014,11.0644,115,13.595,1.35,0.3275,2.155,1.3525,0.1179
1/31/2014,11.1206,115,18.875,1.6425,0.35,2.7125,1.345,0.1132
1/24/2014,11.0886,108,16.285,1.255,0.3325,2.0825,1.2775,0.1139
1/17/2014,10.866,105,13.3325,1.355,0.3625,2.46,1.1225,0.1134
1/10/2014,10.6435,104,12.3,1.3725,0.3625,2.19,1.4675,0.1244
1/3/2014,10.76,107,13.2475,1.3875,0.305,2.165,1.305,0.1239
12/27/2013,10.5304,116,9.8425,1.4175,0.4375,1.975,1.845,0.1144
12/20/2013,10.3558,183,9.86,1.3425,0.425,1.855,1.855,0.1324
12/13/2013,10.292,143,14.0275,1.345,0.33,2.17,1.32,0.1264
12/6/2013,10.3194,103,14.44,1.4425,0.3925,2.235,1.605,0.1292
11/29/2013,10.1742,102,11,1.1025,0.3925,1.59,1.71,0.1274
11/22/2013,10.0695,100,10.99,1.0875,0.4125,1.5075,1.81,0.1264
11/15/2013,10.1605,100,12.525,1.415,0.3275,2.365,1.2125,0.1229
11/8/2013,10.3377,98,12.7775,1.0875,0.3875,1.6525,1.6575,0.1254
11/1/2013,10.1898,96,12.865,0.9375,0.3875,1.385,1.6475,0.1274
10/25/2013,9.827,97,11.515,0.83,0.3925,1.0975,1.7325,0.1259
10/18/2013,9.7884,97,11.575,0.9375,0.4,1.275,1.7225,0.1344
10/11/2013,9.8942,98,13.94,1.455,0.58,-0.105,3.11,0.1414
10/4/2013,9.9867,97,14.8125,1.4725,0.3975,0.96,1.95,0.1374
9/27/2013,10.0886,98,14.94,1.4275,0.41,0.4575,2.0775,0.1319
9/20/2013,9.8882,92,12.7575,1.2025,0.4525,0.3125,2.41,0.1239
9/13/2013,9.9302,110,16.1925,1.56,1.19,1.2425,3.05,0.1224
9/6/2013,10.0155,98,16.2375,1.5025,0.2125,2.5975,0.6725,0.1269
8/30/2013,10.28,105,16.57,1.5475,0.3625,2.045,1.515,0.1204
8/23/2013,10.2438,113,16.2225,1.5825,0.37,1.315,1.74,0.1309
8/16/2013,10.0916,95,12.3975,0.97,0.3075,1.44,1.3125,0.1319
8/9/2013,9.8186,96,11.3925,1.0725,0.3175,1.6875,1.2425,0.1334
8/2/2013,9.8355,96,14.16,1.2375,0.2775,2.13,0.95,0.1319
7/26/2013,9.7704,96,13.5925,0.945,0.3925,1.0025,1.8175,0.1354
7/19/2013,9.8741,97,12.8525,1.01,0.35,0.3575,1.6125,0.1354
7/12/2013,9.9837,100,16.4125,1.03,0.44,1.39,1.9625,0.1369
7/5/2013,10.2042,98,16.8025,1.3875,0.34,2.2325,1.365,0.1444
6/28/2013,9.8806,100,17.3375,1.4525,0.645,0.6025,3.3175,0.1464
6/21/2013,10.1623,99,20.4325,1.65,0.5425,3.63,2.6625,0.1419
6/14/2013,9.9452,97,19.0025,1.2925,0.6025,-0.005,3.245,0.1314
6/7/2013,9.9633,107,16.96,1.9175,0.535,1.835,2.6375,0.1354
5/31/2013,10.0915,103,17.14,1.3875,0.315,0.615,3.1175,0.1454
5/24/2013,9.5762,95,12.31,0.86,0.265,1.465,0.91,0.1404
5/17/2013,9.4038,90,12.1,0.6825,0.2475,0.995,0.9625,0.1604
5/10/2013,9.1219,87,10.9675,0.6175,0.2575,1.0125,0.8975,0.1614
5/3/2013,8.9097,86,10.0625,0.6575,0.2925,1.0975,1.0225,0.1704
4/26/2013,9.1019,86,12.84,0.5975,0.2925,0.87,1.0975,0.1699
4/19/2013,9.2256,86,11.59,0.6,0.27,0.96,0.99,0.1789
4/12/2013,8.9434,83,10.475,0.525,0.28,0.7,1.12,0.1764
4/5/2013,9.0974,86,10.62,0.63,0.275,0.84,1.1075,0.1789
3/29/2013,9.2363,88,10.7125,0.665,0.305,0.835,1.22,0.1844
3/22/2013,9.3005,88,12.38,0.895,0.31,1.38,1.15,0.1914
3/15/2013,9.1843,86,13.65,0.7775,0.3375,1.105,1.265,0.1854
3/8/2013,9.0896,85,12.7325,0.9675,0.365,1.3125,1.43,0.1939
3/1/2013,9.0643,86,13.595,0.9975,0.3325,1.44,1.275,0.1879
2/22/2013,8.8651,86,11.82,0.6925,0.4075,0.815,1.6,0.1949
2/15/2013,8.855,86,11.8025,0.6,0.525,-0.435,2.25,0.1869
2/8/2013,8.8821,85,11.805,0.6475,0.5075,-0.2175,2.2075,0.1754
2/1/2013,8.8398,85,12.355,0.955,0.475,1.065,1.81,0.1774
1/25/2013,8.9446,84,12.895,1.025,0.485,1.315,1.58,0.1754
1/18/2013,8.8805,80,11.495,1.7325,1.245,2.07,3,0.1844
1/11/2013,8.72,77,10.52,1.6425,1.09,0.7,3.1375,0.1909
1/4/2013,8.5619,77,11.4075,0.915,0.5175,0.595,2.3075,0.2014
12/28/2012,8.4797,80,11.0175,0.8275,0.2175,0.1425,1.9925,0.2004
12/21/2012,8.5923,82,10.8375,0.8475,0.4425,0.4325,2.0525,0.2004
12/14/2012,8.6167,97,12.19,0.95,0.4175,1.645,1.3325,0.1984
12/7/2012,8.6556,83,12.7575,0.8775,0.3725,1.525,1.27,0.1999
11/30/2012,8.9088,86,12.06,0.8525,0.3875,1.29,1.46,0.2104
11/23/2012,8.877,86,12.275,0.885,0.36,1.47,1.32,0.2034
11/16/2012,8.8709,86,13.6,1.4875,0.47,2.3625,1.6625,0.2019
11/9/2012,8.7105,83,12.9875,1.43,0.395,2.3575,1.41,0.2014
11/2/2012,8.77,82,14.2775,1.525,0.535,2.555,1.495,0.2154
10/26/2012,8.6431,85,14.8925,2.085,0.83,3.55,1.5925,0.1974
10/19/2012,8.6615,82,15.205,1.745,0.415,2.9975,1.39,0.1879
10/12/2012,8.7295,85,18.315,2.465,0.7775,3.585,3.005,0.1944
10/5/2012,8.7793,83,16.425,1.775,1.14,3.1425,2.15,0.1934
9/28/2012,8.3146,80,14.3475,0.9325,0.365,1.41,1.37,0.1789
9/21/2012,8.278,79,14,0.725,0.455,0.975,1.74,0.1814
9/14/2012,8.2059,79,15.635,0.7825,0.3825,1.235,1.42,0.1884
9/7/2012,8.1709,80,14.095,1.025,0.4,1.67,1.42,0.1854
8/31/2012,8.4,80,14.525,1,0.435,1.305,1.77,0.1764
8/24/2012,8.4003,82,13.76,1.0325,0.3725,1.71,1.38,0.1744
8/17/2012,8.3172,81,14.46,1.015,0.52,1.44,2.005,0.1804
8/10/2012,8.0916,80,14.5925,1.45,0.5025,2.2975,1.7675,0.1849
8/3/2012,8.1489,80,15.63,1.3825,0.53,2.24,1.9175,0.1854
7/27/2012,8.157,80,15.185,1.545,0.4725,2.5,1.6325,0.1914
7/20/2012,8.2868,81,13.8075,1.49,0.52,2.3125,1.7775,0.1879
7/13/2012,8.2656,88,14.795,1.745,0.545,2.86,1.715,0.2024
7/6/2012,8.2591,86,15.4925,1.7525,0.5,3.0525,1.7975,0.2054
6/29/2012,8.1642,88,15.015,1.7375,0.5525,2.74,2.13,0.2134
6/22/2012,8.3999,89,18.0175,2.07,0.565,3.585,2.0175,0.2064
6/15/2012,8.3547,89,21.625,2.7675,0.585,4.575,2.045,0.2044
6/8/2012,8.3877,89,20.0525,3.0275,0.5925,5.11,1.9075,0.1974
6/1/2012,8.5753,90,19.61,3.675,0.6075,6.4625,1.94,0.1944
5/25/2012,8.4058,89,17.625,2.9075,0.5825,4.9675,1.81,0.1924
5/18/2012,8.3381,87,18.465,3.4225,0.5525,6.0075,1.6775,0.2019
5/11/2012,8.0971,83,15.4225,2.15,0.4675,3.8575,1.445,0.1934
5/4/2012,7.831,80,12.4375,1.65,0.4475,3.09,1.45,0.1854
4/27/2012,7.7445,80,13.03,1.6875,0.4725,3.0675,1.58,0.1754
4/20/2012,7.8123,91,14.56,1.9375,0.4775,3.51,1.53,0.1614
4/13/2012,7.9491,80,14.67,2.255,0.925,4.07,2.155,0.1784
4/6/2012,7.8834,78,13.895,2.2425,1.2975,4.105,2.565,0.1709
3/30/2012,7.673,78,14.2775,2.2125,0.7675,4.11,1.87,0.1614
3/23/2012,7.6806,76,14.975,2.375,1.075,4.36,2.275,0.1829
3/16/2012,7.5577,76,15.135,1.8625,0.58,3.3625,1.55,0.1754
3/9/2012,7.5692,77,15.015,1.375,0.435,2.47,1.325,0.1584
3/2/2012,7.5208,76,15.235,1.41,0.65,2.62,1.655,0.1454
2/24/2012,7.5986,78,15.27,1.41,0.57,2.51,1.455,0.1444
2/17/2012,7.7419,75,15.7125,1.8625,0.6775,3.395,1.76,0.1549
2/10/2012,7.7493,75,16.8025,2.61,0.6525,4.61,1.65,0.1644
2/3/2012,7.5218,79,16.375,1.585,1.36,2.84,2.51,0.1454
1/27/2012,7.756,84,15.505,2.01,1.06,3.595,2.145,0.1284
1/20/2012,7.9516,86,15.62,2.06,0.67,3.825,1.78,0.1299
1/13/2012,8.13,91,16.19,3.3675,0.7975,6.0725,1.8675,0.1169
1/6/2012,8.1757,94,19.535,2.775,0.865,5.01,1.9775,0.1104
12/30/2011,8.09,119,18.2525,3.705,1.065,6.6725,2.575,0.1154
12/23/2011,8.1621,100,17.835,3.4025,0.83,6.1175,2.4375,0.1064
12/16/2011,8.399,98,21.66,3.2475,0.49,7.37,2.02,0.1194
12/9/2011,8.0959,87,22.6,3.015,0.75,7.21,2.38,0.1224
12/2/2011,8.0437,88,22.91,3.5975,0.44,7.1575,1.83,0.1269
11/25/2011,8.5427,91,25.21,4.655,0.385,9.3025,1.765,0.1344
11/18/2011,8.1975,86,23.85,4.2775,0.24,8.9275,1.61,0.1254
11/11/2011,7.9365,83,23.85,4.42,0.66,7.64,1.575,0.1264
11/4/2011,7.9047,83,26.105,4.1475,0.18,9.165,1.8225,0.1214
10/28/2011,7.7259,82,24.75,4.135,0.64,7.355,1.635,0.1184
10/21/2011,8.0408,86,26.84,6.115,0.71,10.89,1.5575,0.1184
10/14/2011,7.832,85,24.6675,5.595,0.755,9.7775,1.64,0.1174
10/7/2011,8.0018,83,28.46,5.75,1.365,9.79,2.1175,0.1254
9/30/2011,8.0967,87,30.5675,5.4075,0.62,9.415,1.505,0.1314
9/23/2011,8.1198,88,32.11,6.5275,0.755,11.4575,1.81,0.1344
9/16/2011,7.4915,76,19.2,3.47,0.575,6.0625,1.5275,0.1134
9/9/2011,7.2845,74,17.65,3.57,1.29,6.2225,2.1725,0.1204
9/2/2011,7.0601,74,15.955,2.68,0.495,4.675,1.395,0.1384
8/26/2011,7.1476,77,17.6625,3.25,0.5725,5.6725,1.445,0.1254
8/19/2011,7.1872,76,19.775,3.8875,0.6175,6.865,1.63,0.1294
8/12/2011,7.181,78,22.135,3.875,0.595,6.69,1.475,0.1434
8/5/2011,6.9246,70,17.1575,2.5475,0.4725,4.445,1.255,0.1184
7/29/2011,6.691,79,15.46,2.03,0.43,3.5725,1.1825,0.1404
7/22/2011,6.774,71,14.6825,2.3825,0.7925,4.1525,1.585,0.0924
7/15/2011,6.8846,68,15.825,2.3375,0.805,4.11,1.57,0.1144
7/8/2011,6.7085,67,12.6775,1.85,0.46,3.2625,1.2475,0.1234
7/1/2011,6.7308,68,13.455,1.975,0.4675,3.485,1.2875,0.1344
6/24/2011,6.9005,64,15.6375,2.0275,0.4525,3.5675,1.285,0.1334
6/17/2011,6.7619,68,15.59,1.5575,0.4375,2.755,1.33,0.1444
6/10/2011,6.8063,68,14.2625,1.725,0.39,3.0675,1.125,0.1324
6/3/2011,6.7137,70,15.085,1.7775,0.5025,2.9175,1.4625,0.1344
5/27/2011,6.929,72,15.135,1.8575,0.4975,3.0675,1.4475,0.1354
5/20/2011,6.9147,70,14.28,2.2125,0.5775,3.5575,1.5775,0.1304
5/13/2011,7.0206,71,16.17,2.5125,0.6325,3.8725,1.6725,0.1354
5/6/2011,6.7051,62,13.8725,1.8,0.595,2.6825,1.7675,0.1384
4/29/2011,6.5686,62,12.715,1.5325,0.3325,2.455,1.475,0.1404
4/22/2011,6.7197,66,12.56,1.795,0.7225,2.6775,1.915,0.1404
4/15/2011,6.7981,65,12.9625,1.6225,0.4775,2.95,1.5,0.1534
4/8/2011,6.637,66,12.3225,1.8625,0.55,3.33,1.6,0.1464
4/1/2011,6.6978,66,12.7675,1.9475,0.5,3.57,1.535,0.1594
3/25/2011,6.8491,68,13.7475,2.0475,0.5,3.68,1.545,0.1684
3/18/2011,6.9972,67,14.9175,2.09,0.5025,3.76,1.54,0.1854
3/11/2011,6.8798,72,12.4375,1.62,0.495,3.045,1.565,0.1804
3/4/2011,6.8765,73,13.19,2.115,0.67,3.48,1.98,0.1954
2/25/2011,7.0245,73,13.575,1.9,0.48,3.555,1.52,0.2054
2/18/2011,7.142,74,13.345,1.97,0.475,3.63,1.49,0.2014
2/11/2011,7.2788,75,13.61,1.795,0.48,3.215,1.5,0.1994
2/4/2011,7.2531,78,13.975,1.895,0.495,3.375,1.53,0.2094
1/28/2011,7.18,76,13.935,1.59,0.48,2.89,1.525,0.2374
1/21/2011,7.0568,73,14.735,1.705,0.48,3.055,1.515,0.2104
1/14/2011,6.9351,69,12.99,1.7,0.515,3.195,1.67,0.2134
1/7/2011,6.8045,72,13.585,1.615,0.51,3.045,1.66,0.2164
12/31/2010,6.6291,70,11.525,1.52,0.525,2.83,1.71,0.2224
12/24/2010,6.738,79,11.545,1.515,0.525,2.795,1.645,0.2154
12/17/2010,6.88,77,13.435,1.55,0.515,2.9,1.665,0.2244
12/10/2010,6.8655,70,13.59,1.725,0.52,3.155,1.685,0.2104
12/3/2010,6.876,74,13.865,2.095,0.47,3.09,1.49,0.2304
11/26/2010,7.153,76,15.08,1.99,0.505,3.18,1.475,0.2354
11/19/2010,7.0021,74,14.105,1.865,0.505,2.955,1.55,0.2414
11/12/2010,6.965,80,15.9175,1.595,0.485,2.96,1.53,0.2284
11/5/2010,6.7749,76,14.1125,1.6125,0.5025,3.005,1.46,0.2334
10/29/2010,6.999,79,16.11,1.75,0.47,3.18,1.445,0.2204
10/22/2010,6.9385,79,14.27,1.64,0.47,2.915,1.465,0.2364
10/15/2010,6.8413,75,13.84,1.56,0.455,2.625,1.425,0.2314
10/8/2010,6.84,77,14.7025,2.1725,0.495,3.455,1.55,0.2304
10/1/2010,6.9309,77,13.275,1.87,0.395,2.885,1.245,0.2374
9/24/2010,7.019,79,13.145,2.2775,0.4225,2.9875,1.295,0.2414
9/17/2010,7.1407,80,13.145,2.19,0.3925,2.825,1.2225,0.2424
9/10/2010,7.1913,82,12.81,2.8575,0.4375,3.94,1.3325,0.2234
9/3/2010,7.1953,85,13.04,2.825,0.425,3.965,1.2675,0.2204
8/27/2010,7.3102,89,13.72,3.555,0.4775,4.865,1.285,0.2264
8/20/2010,7.3175,89,13.875,3.07,0.605,5.0325,1.82,0.2244
8/13/2010,7.307,88,14.22,3.32,0.4725,4.55,1.325,0.2204
8/6/2010,7.225,88,13.875,3.2925,0.54,4.765,1.515,0.2204
7/30/2010,7.2972,90,13.955,2.93,0.6475,5.1725,1.9425,0.2304
7/23/2010,7.4345,90,14.305,3.0975,0.6075,5.36,1.7375,0.2284
7/16/2010,7.6105,92,14.325,2.94,0.6825,5.3675,1.9725,0.2194
7/9/2010,7.5988,92,15.34,3.08,0.655,5.15,1.775,0.2204
7/2/2010,7.7364,94,17.6,3.3125,0.59,4.71,1.755,0.2304
6/25/2010,7.625,93,17.145,2.77,0.585,4.685,1.735,0.2014
6/18/2010,7.4805,93,15.7,2.865,0.675,5.1975,1.93,0.2204
6/11/2010,7.685,96,17.985,3.12,0.645,5.5725,1.81,0.2134
6/4/2010,7.7923,97,19.26,3.13,0.645,5.57,1.88,0.2414
5/28/2010,7.6325,93,19.47,3.3675,0.605,5.89,1.68,0.2634
5/21/2010,7.8549,96,23.775,3.5725,0.635,6.4225,1.74,0.2554
5/14/2010,7.5488,94,17.8875,2.8675,0.6175,5.025,1.7325,0.2484
5/7/2010,7.6597,100,21.48,3.1675,0.515,5.505,1.455,0.2774
4/30/2010,7.389,90,14.56,2.34,0.605,4.22,1.85,0.2554
4/23/2010,7.4184,91,14.41,2.095,0.53,3.8175,1.61,0.2624
4/16/2010,7.39,106,13.995,2.57,0.545,4.5625,1.57,0.2374
4/9/2010,7.254,90,12.99,1.785,0.505,3.1975,1.61,0.2424
4/2/2010,7.2463,93,11.325,2.185,0.5,2.5925,1.625,0.2304
3/26/2010,7.4309,94,12.295,2.5075,0.665,4.4325,2.005,0.2349
3/19/2010,7.3351,97,13.145,2.395,0.52,3.91,1.59,0.2334
3/12/2010,7.3944,100,14.51,2.335,0.54,3.575,1.63,0.2134
3/5/2010,7.4073,99,14.555,2.37,0.685,4.32,2.08,0.1984
2/26/2010,7.7154,108,15.87,2.1475,0.545,3.7525,1.65,0.1574
2/19/2010,7.662,100,15.715,2.26,0.595,3.975,1.74,0.1804
2/12/2010,7.6938,105,16.1975,2.3625,0.5775,4.095,1.7375,0.1704
2/5/2010,7.7872,115,17.58,2.895,0.665,4.9325,1.805,0.1754
1/29/2010,7.6263,105,16.27,2.735,0.63,4.7025,1.785,0.1734
1/22/2010,7.6359,103,17.98,2.8525,0.6,4.92,1.755,0.1789
1/15/2010,7.3986,101,17.555,3.0225,0.66,5.0675,1.865,0.1774
1/8/2010,7.3539,101,18.01,3.0125,0.63,5.25,1.87,0.1674
