,BBG Id,Date,Coupon,Principal
0,AM7523740 Corp,2017-02-23,0.0,0.0
1,AM7523740 Corp,2017-06-15,2488.889,0.0
2,AM7523740 Corp,2017-12-14,4044.4440000000004,0.0
3,AM7523740 Corp,2018-06-14,4044.4440000000004,0.0
4,AM7523740 Corp,2018-12-13,4044.4440000000004,0.0
5,AM7523740 Corp,2019-06-13,4044.4440000000004,0.0
6,AM7523740 Corp,2019-12-11,4022.222,0.0
7,AM7523740 Corp,2020-06-11,4066.667,0.0
8,AM7523740 Corp,2020-12-10,4044.4440000000004,0.0
9,AM7523740 Corp,2021-06-10,4044.4440000000004,0.0
10,AM7523740 Corp,2021-12-09,4044.4440000000004,0.0
11,AM7523740 Corp,2022-06-09,4044.4440000000004,0.0
12,AM7523740 Corp,2022-12-08,4044.4440000000004,0.0
13,AM7523740 Corp,2023-06-08,4044.4440000000004,0.0
14,AM7523740 Corp,2023-12-07,4044.4440000000004,0.0
15,AM7523740 Corp,2024-06-06,4044.4440000000004,0.0
16,AM7523740 Corp,2024-12-05,4044.4440000000004,0.0
17,AM7523740 Corp,2025-06-05,4044.4440000000004,0.0
18,AM7523740 Corp,2025-12-04,4044.4440000000004,0.0
19,AM7523740 Corp,2026-06-04,4044.4440000000004,0.0
20,AM7523740 Corp,2026-12-03,4044.4440000000004,0.0
21,AM7523740 Corp,2027-06-03,4044.4440000000004,0.0
22,AM7523740 Corp,2027-12-02,4044.4440000000004,0.0
23,AM7523740 Corp,2028-06-01,4044.4440000000004,0.0
24,AM7523740 Corp,2028-11-30,4044.4440000000004,0.0
25,AM7523740 Corp,2029-05-31,4044.4440000000004,0.0
26,AM7523740 Corp,2029-11-29,4044.4440000000004,0.0
27,AM7523740 Corp,2030-05-30,4044.4440000000004,0.0
28,AM7523740 Corp,2030-11-28,4044.4440000000004,0.0
29,AM7523740 Corp,2031-05-29,4044.4440000000004,0.0
30,AM7523740 Corp,2031-11-27,4044.4440000000004,0.0
31,AM7523740 Corp,2032-05-27,4044.4440000000004,0.0
32,AM7523740 Corp,2032-11-25,4044.4440000000004,0.0
33,AM7523740 Corp,2033-05-26,4044.4440000000004,0.0
34,AM7523740 Corp,2033-11-24,4044.4440000000004,0.0
35,AM7523740 Corp,2034-05-25,4044.4440000000004,0.0
36,AM7523740 Corp,2034-11-23,4044.4440000000004,0.0
37,AM7523740 Corp,2035-05-24,4044.4440000000004,0.0
38,AM7523740 Corp,2035-11-22,4044.4440000000004,0.0
39,AM7523740 Corp,2036-05-22,4044.4440000000004,0.0
40,AM7523740 Corp,2036-11-20,4044.4440000000004,0.0
41,AM7523740 Corp,2037-05-21,4044.4440000000004,0.0
42,AM7523740 Corp,2037-11-19,4044.4440000000004,0.0
43,AM7523740 Corp,2038-05-20,4044.4440000000004,0.0
44,AM7523740 Corp,2038-11-18,4044.4440000000004,0.0
45,AM7523740 Corp,2039-05-19,4044.4440000000004,0.0
46,AM7523740 Corp,2039-11-17,4044.4440000000004,0.0
47,AM7523740 Corp,2040-05-17,4044.4440000000004,0.0
48,AM7523740 Corp,2040-11-15,4044.4440000000004,0.0
49,AM7523740 Corp,2041-05-16,4044.4440000000004,0.0
50,AM7523740 Corp,2041-11-14,4044.4440000000004,0.0
51,AM7523740 Corp,2042-05-15,4044.4440000000004,0.0
52,AM7523740 Corp,2042-11-13,4044.4440000000004,0.0
53,AM7523740 Corp,2043-05-14,4044.4440000000004,0.0
54,AM7523740 Corp,2043-11-12,4044.4440000000004,0.0
55,AM7523740 Corp,2044-05-12,4044.4440000000004,0.0
56,AM7523740 Corp,2044-11-10,4044.4440000000004,0.0
57,AM7523740 Corp,2045-05-11,4044.4440000000004,0.0
58,AM7523740 Corp,2045-11-09,4044.4440000000004,0.0
59,AM7523740 Corp,2046-05-10,4044.4440000000004,0.0
60,AM7523740 Corp,2046-11-08,4044.4440000000004,0.0
61,AM7523740 Corp,2047-05-09,4044.4440000000004,0.0
62,AM7523740 Corp,2047-11-07,4044.4440000000004,100000.0
63,AS2511341 Corp,2018-04-19,0.0,0.0
64,AS2511341 Corp,2018-06-14,1127.778,0.0
65,AS2511341 Corp,2018-12-13,3665.278,0.0
66,AS2511341 Corp,2019-06-13,3665.278,0.0
67,AS2511341 Corp,2019-12-11,3645.139,0.0
68,AS2511341 Corp,2020-06-11,3685.417,0.0
69,AS2511341 Corp,2020-12-10,3665.278,0.0
70,AS2511341 Corp,2021-06-10,3665.278,0.0
71,AS2511341 Corp,2021-12-09,3665.278,100000.0
72,AX6352725 Corp,2019-03-14,0.0,0.0
73,AX6352725 Corp,2019-09-12,4044.4440000000004,0.0
74,AX6352725 Corp,2020-03-12,4044.4440000000004,0.0
75,AX6352725 Corp,2020-09-10,4044.4440000000004,0.0
76,AX6352725 Corp,2021-03-11,4044.4440000000004,0.0
77,AX6352725 Corp,2021-09-09,4044.4440000000004,0.0
78,AX6352725 Corp,2022-03-10,4044.4440000000004,0.0
79,AX6352725 Corp,2022-09-08,4044.4440000000004,0.0
80,AX6352725 Corp,2023-03-09,4044.4440000000004,0.0
81,AX6352725 Corp,2023-09-07,4044.4440000000004,0.0
82,AX6352725 Corp,2024-03-07,4044.4440000000004,0.0
83,AX6352725 Corp,2024-09-05,4044.4440000000004,100000.0
84,BO5734625 Corp,2011-06-23,0.0,0.0
85,BO5734625 Corp,2011-12-22,3918.0559999999996,0.0
86,BO5734625 Corp,2012-06-21,3918.0559999999996,0.0
87,BO5734625 Corp,2012-12-20,3918.0559999999996,0.0
88,BO5734625 Corp,2013-06-20,3918.0559999999996,0.0
89,BO5734625 Corp,2013-12-19,3918.0559999999996,0.0
90,BO5734625 Corp,2014-06-19,3918.0559999999996,0.0
91,BO5734625 Corp,2014-12-18,3918.0559999999996,0.0
92,BO5734625 Corp,2015-06-18,3918.0559999999996,0.0
93,BO5734625 Corp,2015-12-17,3918.0559999999996,0.0
94,BO5734625 Corp,2016-06-16,3918.0559999999996,0.0
95,BO5734625 Corp,2016-12-15,3918.0559999999996,0.0
96,BO5734625 Corp,2017-06-15,3918.0559999999996,0.0
97,BO5734625 Corp,2017-12-14,3918.0559999999996,0.0
98,BO5734625 Corp,2018-06-14,3918.0559999999996,0.0
99,BO5734625 Corp,2018-12-13,3918.0559999999996,0.0
100,BO5734625 Corp,2019-06-13,3918.0559999999996,0.0
101,BO5734625 Corp,2019-12-11,3896.528,0.0
102,BO5734625 Corp,2020-06-11,3939.583,0.0
103,BO5734625 Corp,2020-12-10,3918.0559999999996,0.0
104,BO5734625 Corp,2021-06-10,3918.0559999999996,0.0
105,BO5734625 Corp,2021-12-09,3918.0559999999996,0.0
106,BO5734625 Corp,2022-06-09,3918.0559999999996,0.0
107,BO5734625 Corp,2022-12-08,3918.0559999999996,0.0
108,BO5734625 Corp,2023-06-08,3918.0559999999996,0.0
109,BO5734625 Corp,2023-12-07,3918.0559999999996,0.0
110,BO5734625 Corp,2024-06-06,3918.0559999999996,0.0
111,BO5734625 Corp,2024-12-05,3918.0559999999996,0.0
112,BO5734625 Corp,2025-06-05,3918.0559999999996,0.0
113,BO5734625 Corp,2025-12-04,3918.0559999999996,0.0
114,BO5734625 Corp,2026-06-04,3918.0559999999996,0.0
115,BO5734625 Corp,2026-12-03,3918.0559999999996,0.0
116,BO5734625 Corp,2027-06-03,3918.0559999999996,0.0
117,BO5734625 Corp,2027-12-02,3918.0559999999996,0.0
118,BO5734625 Corp,2028-06-01,3918.0559999999996,0.0
119,BO5734625 Corp,2028-11-30,3918.0559999999996,0.0
120,BO5734625 Corp,2029-05-31,3918.0559999999996,0.0
121,BO5734625 Corp,2029-11-29,3918.0559999999996,0.0
122,BO5734625 Corp,2030-05-30,3918.0559999999996,0.0
123,BO5734625 Corp,2030-11-28,3918.0559999999996,0.0
124,BO5734625 Corp,2031-05-29,3918.0559999999996,100000.0
125,BO5786427 Corp,2011-06-23,0.0,0.0
126,BO5786427 Corp,2011-12-22,3918.0559999999996,0.0
127,BO5786427 Corp,2012-06-21,3918.0559999999996,0.0
128,BO5786427 Corp,2012-12-20,3918.0559999999996,0.0
129,BO5786427 Corp,2013-06-20,3918.0559999999996,0.0
130,BO5786427 Corp,2013-12-19,3918.0559999999996,0.0
131,BO5786427 Corp,2014-06-19,3918.0559999999996,0.0
132,BO5786427 Corp,2014-12-18,3918.0559999999996,0.0
133,BO5786427 Corp,2015-06-18,3918.0559999999996,0.0
134,BO5786427 Corp,2015-12-17,3918.0559999999996,0.0
135,BO5786427 Corp,2016-06-16,3918.0559999999996,0.0
136,BO5786427 Corp,2016-12-15,3918.0559999999996,0.0
137,BO5786427 Corp,2017-06-15,3918.0559999999996,0.0
138,BO5786427 Corp,2017-12-14,3918.0559999999996,0.0
139,BO5786427 Corp,2018-06-14,3918.0559999999996,0.0
140,BO5786427 Corp,2018-12-13,3918.0559999999996,0.0
141,BO5786427 Corp,2019-06-13,3918.0559999999996,0.0
142,BO5786427 Corp,2019-12-11,3896.528,0.0
143,BO5786427 Corp,2020-06-11,3939.583,0.0
144,BO5786427 Corp,2020-12-10,3918.0559999999996,0.0
145,BO5786427 Corp,2021-06-10,3918.0559999999996,0.0
146,BO5786427 Corp,2021-12-09,3918.0559999999996,0.0
147,BO5786427 Corp,2022-06-09,3918.0559999999996,0.0
148,BO5786427 Corp,2022-12-08,3918.0559999999996,0.0
149,BO5786427 Corp,2023-06-08,3918.0559999999996,0.0
150,BO5786427 Corp,2023-12-07,3918.0559999999996,0.0
151,BO5786427 Corp,2024-06-06,3918.0559999999996,0.0
152,BO5786427 Corp,2024-12-05,3918.0559999999996,0.0
153,BO5786427 Corp,2025-06-05,3918.0559999999996,0.0
154,BO5786427 Corp,2025-12-04,3918.0559999999996,0.0
155,BO5786427 Corp,2026-06-04,3918.0559999999996,0.0
156,BO5786427 Corp,2026-12-03,3918.0559999999996,0.0
157,BO5786427 Corp,2027-06-03,3918.0559999999996,0.0
158,BO5786427 Corp,2027-12-02,3918.0559999999996,0.0
159,BO5786427 Corp,2028-06-01,3918.0559999999996,0.0
160,BO5786427 Corp,2028-11-30,3918.0559999999996,0.0
161,BO5786427 Corp,2029-05-31,3918.0559999999996,0.0
162,BO5786427 Corp,2029-11-29,3918.0559999999996,0.0
163,BO5786427 Corp,2030-05-30,3918.0559999999996,0.0
164,BO5786427 Corp,2030-11-28,3918.0559999999996,0.0
165,BO5786427 Corp,2031-05-29,3918.0559999999996,100000.0
166,BR4592233 Corp,2021-09-09,0.0,0.0
167,BR4592233 Corp,2022-03-10,2780.5559999999996,0.0
168,BR4592233 Corp,2022-09-08,2780.5559999999996,0.0
169,BR4592233 Corp,2023-03-09,2780.5559999999996,0.0
170,BR4592233 Corp,2023-09-07,2780.5559999999996,0.0
171,BR4592233 Corp,2024-03-07,2780.5559999999996,0.0
172,BR4592233 Corp,2024-09-05,2780.5559999999996,0.0
173,BR4592233 Corp,2025-03-06,2780.5559999999996,0.0
174,BR4592233 Corp,2025-09-04,2780.5559999999996,0.0
175,BR4592233 Corp,2026-03-05,2780.5559999999996,0.0
176,BR4592233 Corp,2026-09-03,2780.5559999999996,0.0
177,BR4592233 Corp,2027-03-04,2780.5559999999996,100000.0
178,BS4948482 Corp,2021-09-09,0.0,0.0
179,BS4948482 Corp,2022-03-10,2527.778,0.0
180,BS4948482 Corp,2022-09-08,2527.778,0.0
181,BS4948482 Corp,2023-03-09,2527.778,0.0
182,BS4948482 Corp,2023-09-07,2527.778,0.0
183,BS4948482 Corp,2024-03-07,2527.778,0.0
184,BS4948482 Corp,2024-09-05,2527.778,0.0
185,BS4948482 Corp,2025-03-06,2527.778,100000.0
186,BX4963407 Corp,2022-03-10,0.0,0.0
187,BX4963407 Corp,2022-09-08,4044.4440000000004,0.0
188,BX4963407 Corp,2023-03-09,4044.4440000000004,0.0
189,BX4963407 Corp,2023-09-07,4044.4440000000004,0.0
190,BX4963407 Corp,2024-03-07,4044.4440000000004,0.0
191,BX4963407 Corp,2024-09-05,4044.4440000000004,0.0
192,BX4963407 Corp,2025-03-06,4044.4440000000004,0.0
193,BX4963407 Corp,2025-09-04,4044.4440000000004,0.0
194,BX4963407 Corp,2026-03-05,4044.4440000000004,0.0
195,BX4963407 Corp,2026-09-03,4044.4440000000004,0.0
196,BX4963407 Corp,2027-03-04,4044.4440000000004,0.0
197,BX4963407 Corp,2027-09-02,4044.4440000000004,0.0
198,BX4963407 Corp,2028-03-02,4044.4440000000004,0.0
199,BX4963407 Corp,2028-08-31,4044.4440000000004,0.0
200,BX4963407 Corp,2029-03-01,4044.4440000000004,0.0
201,BX4963407 Corp,2029-08-30,4044.4440000000004,0.0
202,BX4963407 Corp,2030-02-28,4044.4440000000004,0.0
203,BX4963407 Corp,2030-08-29,4044.4440000000004,0.0
204,BX4963407 Corp,2031-02-27,4044.4440000000004,0.0
205,BX4963407 Corp,2031-08-28,4044.4440000000004,0.0
206,BX4963407 Corp,2032-02-26,4044.4440000000004,0.0
207,BX4963407 Corp,2032-08-26,4044.4440000000004,0.0
208,BX4963407 Corp,2033-02-24,4044.4440000000004,0.0
209,BX4963407 Corp,2033-08-25,4044.4440000000004,0.0
210,BX4963407 Corp,2034-02-23,4044.4440000000004,0.0
211,BX4963407 Corp,2034-08-24,4044.4440000000004,0.0
212,BX4963407 Corp,2035-02-22,4044.4440000000004,0.0
213,BX4963407 Corp,2035-08-23,4044.4440000000004,0.0
214,BX4963407 Corp,2036-02-21,4044.4440000000004,0.0
215,BX4963407 Corp,2036-08-21,4044.4440000000004,0.0
216,BX4963407 Corp,2037-02-19,4044.4440000000004,0.0
217,BX4963407 Corp,2037-08-20,4044.4440000000004,0.0
218,BX4963407 Corp,2038-02-18,4044.4440000000004,0.0
219,BX4963407 Corp,2038-08-19,4044.4440000000004,0.0
220,BX4963407 Corp,2039-02-17,4044.4440000000004,0.0
221,BX4963407 Corp,2039-08-18,4044.4440000000004,0.0
222,BX4963407 Corp,2040-02-16,4044.4440000000004,0.0
223,BX4963407 Corp,2040-08-16,4044.4440000000004,0.0
224,BX4963407 Corp,2041-02-14,4044.4440000000004,0.0
225,BX4963407 Corp,2041-08-15,4044.4440000000004,0.0
226,BX4963407 Corp,2042-02-13,4044.4440000000004,0.0
227,BX4963407 Corp,2042-08-14,4044.4440000000004,0.0
228,BX4963407 Corp,2043-02-12,4044.4440000000004,0.0
229,BX4963407 Corp,2043-08-13,4044.4440000000004,0.0
230,BX4963407 Corp,2044-02-11,4044.4440000000004,0.0
231,BX4963407 Corp,2044-08-11,4044.4440000000004,0.0
232,BX4963407 Corp,2045-02-09,4044.4440000000004,0.0
233,BX4963407 Corp,2045-08-10,4044.4440000000004,0.0
234,BX4963407 Corp,2046-02-08,4044.4440000000004,0.0
235,BX4963407 Corp,2046-08-09,4044.4440000000004,0.0
236,BX4963407 Corp,2047-02-07,4044.4440000000004,0.0
237,BX4963407 Corp,2047-08-08,4044.4440000000004,0.0
238,BX4963407 Corp,2048-02-06,4044.4440000000004,0.0
239,BX4963407 Corp,2048-08-06,4044.4440000000004,0.0
240,BX4963407 Corp,2049-02-04,4044.4440000000004,0.0
241,BX4963407 Corp,2049-08-05,4044.4440000000004,0.0
242,BX4963407 Corp,2050-02-03,4044.4440000000004,0.0
243,BX4963407 Corp,2050-08-04,4044.4440000000004,0.0
244,BX4963407 Corp,2051-02-02,4044.4440000000004,0.0
245,BX4963407 Corp,2051-08-03,4044.4440000000004,0.0
246,BX4963407 Corp,2052-02-01,4044.4440000000004,0.0
247,BX4963407 Corp,2052-08-01,4044.4440000000004,0.0
248,BX4963407 Corp,2053-01-30,4044.4440000000004,0.0
249,BX4963407 Corp,2053-07-31,4044.4440000000004,100000.0
250,EC2204351 Corp,2000-01-27,0.0,0.0
251,EC2204351 Corp,2000-07-31,82666.667,0.0
252,EC2204351 Corp,2001-01-31,81777.77799999999,0.0
253,EC2204351 Corp,2001-07-31,80444.444,0.0
254,EC2204351 Corp,2002-01-31,81777.77799999999,0.0
255,EC2204351 Corp,2002-07-31,80444.444,0.0
256,EC2204351 Corp,2003-01-23,78222.22200000001,1000000.0
257,EC2595279 Corp,2000-05-18,0.0,0.0
258,EC2595279 Corp,2000-11-30,7894.444,0.0
259,EC2595279 Corp,2001-05-31,7330.556,0.0
260,EC2595279 Corp,2001-11-30,7370.8330000000005,0.0
261,EC2595279 Corp,2002-05-31,7330.556,0.0
262,EC2595279 Corp,2002-11-29,7330.556,0.0
263,EC2595279 Corp,2003-05-30,7330.556,0.0
264,EC2595279 Corp,2003-11-28,7330.556,0.0
265,EC2595279 Corp,2004-05-31,7451.389,0.0
266,EC2595279 Corp,2004-11-30,7370.8330000000005,0.0
267,EC2595279 Corp,2005-05-12,6565.278,100000.0
268,EC3057600 Corp,2000-07-27,0.0,0.0
269,EC3057600 Corp,2001-01-31,73111.11099999999,0.0
270,EC3057600 Corp,2001-07-31,70388.88900000001,0.0
271,EC3057600 Corp,2002-01-31,71555.556,0.0
272,EC3057600 Corp,2002-07-31,70388.88900000001,0.0
273,EC3057600 Corp,2003-01-31,71555.556,0.0
274,EC3057600 Corp,2003-07-31,70388.88900000001,0.0
275,EC3057600 Corp,2004-01-22,68055.556,1000000.0
276,EC3595781 Corp,2001-03-08,0.0,0.0
277,EC3595781 Corp,2001-09-28,7650.0,0.0
278,EC3595781 Corp,2002-03-27,6750.0,0.0
279,EC3595781 Corp,2002-09-30,7012.5,0.0
280,EC3595781 Corp,2003-03-31,6825.0,0.0
281,EC3595781 Corp,2003-09-30,6862.5,0.0
282,EC3595781 Corp,2004-03-31,6862.5,0.0
283,EC3595781 Corp,2004-09-30,6862.5,0.0
284,EC3595781 Corp,2005-03-31,6825.0,0.0
285,EC3595781 Corp,2005-09-30,6862.5,0.0
286,EC3595781 Corp,2006-03-02,5737.5,100000.0
287,EC3801361 Corp,2001-03-08,0.0,0.0
288,EC3801361 Corp,2001-09-28,7933.3330000000005,0.0
289,EC3801361 Corp,2002-03-27,7000.0,0.0
290,EC3801361 Corp,2002-09-30,7272.222,0.0
291,EC3801361 Corp,2003-03-31,7077.778,0.0
292,EC3801361 Corp,2003-09-30,7116.6669999999995,0.0
293,EC3801361 Corp,2004-03-31,7116.6669999999995,0.0
294,EC3801361 Corp,2004-09-02,6027.778,100000.0
295,EC4262522 Corp,2001-07-26,0.0,0.0
296,EC4262522 Corp,2002-01-24,5308.3330000000005,0.0
297,EC4262522 Corp,2002-07-25,5308.3330000000005,0.0
298,EC4262522 Corp,2003-01-23,5308.3330000000005,0.0
299,EC4262522 Corp,2003-07-24,5308.3330000000005,0.0
300,EC4262522 Corp,2004-01-22,5308.3330000000005,0.0
301,EC4262522 Corp,2004-07-22,5308.3330000000005,0.0
302,EC4262522 Corp,2005-01-20,5308.3330000000005,0.0
303,EC4262522 Corp,2005-07-21,5308.3330000000005,0.0
304,EC4262522 Corp,2006-01-19,5308.3330000000005,0.0
305,EC4262522 Corp,2006-07-20,5308.3330000000005,0.0
306,EC4262522 Corp,2007-01-18,5308.3330000000005,0.0
307,EC4262522 Corp,2007-07-19,5308.3330000000005,0.0
308,EC4262522 Corp,2008-01-17,5308.3330000000005,0.0
309,EC4262522 Corp,2008-07-17,5308.3330000000005,0.0
310,EC4262522 Corp,2009-01-15,5308.3330000000005,0.0
311,EC4262522 Corp,2009-07-16,5308.3330000000005,0.0
312,EC4262522 Corp,2010-01-14,5308.3330000000005,0.0
313,EC4262522 Corp,2010-07-15,5308.3330000000005,0.0
314,EC4262522 Corp,2011-01-13,5308.3330000000005,0.0
315,EC4262522 Corp,2011-07-14,5308.3330000000005,100000.0
316,EC4443809 Corp,2001-08-30,0.0,0.0
317,EC4443809 Corp,2002-02-28,5308.3330000000005,0.0
318,EC4443809 Corp,2002-08-29,5308.3330000000005,0.0
319,EC4443809 Corp,2003-02-27,5308.3330000000005,0.0
320,EC4443809 Corp,2003-08-28,5308.3330000000005,0.0
321,EC4443809 Corp,2004-02-26,5308.3330000000005,0.0
322,EC4443809 Corp,2004-08-26,5308.3330000000005,0.0
323,EC4443809 Corp,2005-02-24,5308.3330000000005,0.0
324,EC4443809 Corp,2005-08-25,5308.3330000000005,0.0
325,EC4443809 Corp,2006-02-23,5308.3330000000005,0.0
326,EC4443809 Corp,2006-08-24,5308.3330000000005,100000.0
327,EC4889597 Corp,2001-12-06,0.0,0.0
328,EC4889597 Corp,2002-06-28,5950.0,0.0
329,EC4889597 Corp,2002-12-31,5425.0,0.0
330,EC4889597 Corp,2003-06-30,5279.1669999999995,0.0
331,EC4889597 Corp,2003-12-31,5366.6669999999995,0.0
332,EC4889597 Corp,2004-06-30,5308.3330000000005,0.0
333,EC4889597 Corp,2004-12-02,4520.833,100000.0
334,EC5356190 Corp,2002-03-14,0.0,0.0
335,EC5356190 Corp,2002-09-12,4802.778,0.0
336,EC5356190 Corp,2003-03-13,4802.778,0.0
337,EC5356190 Corp,2003-09-11,4802.778,0.0
338,EC5356190 Corp,2004-03-11,4802.778,0.0
339,EC5356190 Corp,2004-09-09,4802.778,0.0
340,EC5356190 Corp,2005-03-10,4802.778,0.0
341,EC5356190 Corp,2005-09-08,4802.778,0.0
342,EC5356190 Corp,2006-03-09,4802.778,0.0
343,EC5356190 Corp,2006-09-07,4802.778,0.0
344,EC5356190 Corp,2007-03-08,4802.778,100000.0
345,EC6223613 Corp,2002-07-18,0.0,0.0
346,EC6223613 Corp,2003-01-16,4550.0,0.0
347,EC6223613 Corp,2003-07-17,4550.0,0.0
348,EC6223613 Corp,2004-01-15,4550.0,0.0
349,EC6223613 Corp,2004-07-15,4550.0,0.0
350,EC6223613 Corp,2005-01-13,4550.0,0.0
351,EC6223613 Corp,2005-07-14,4550.0,0.0
352,EC6223613 Corp,2006-01-12,4550.0,0.0
353,EC6223613 Corp,2006-07-13,4550.0,0.0
354,EC6223613 Corp,2007-01-11,4550.0,0.0
355,EC6223613 Corp,2007-07-12,4550.0,0.0
356,EC6223613 Corp,2008-01-10,4550.0,0.0
357,EC6223613 Corp,2008-07-10,4550.0,0.0
358,EC6223613 Corp,2009-01-08,4550.0,0.0
359,EC6223613 Corp,2009-07-09,4550.0,100000.0
360,EC8045345 Corp,2003-01-02,0.0,0.0
361,EC8045345 Corp,2003-07-31,5250.0,0.0
362,EC8045345 Corp,2004-01-30,4575.0,0.0
363,EC8045345 Corp,2004-07-30,4550.0,0.0
364,EC8045345 Corp,2005-01-31,4625.0,0.0
365,EC8045345 Corp,2005-07-29,4475.0,0.0
366,EC8045345 Corp,2005-12-29,3775.0,100000.0
367,EC8045386 Corp,2003-01-02,0.0,0.0
368,EC8045386 Corp,2003-07-03,4550.0,0.0
369,EC8045386 Corp,2003-12-31,4525.0,0.0
370,EC8045386 Corp,2004-07-01,4575.0,0.0
371,EC8045386 Corp,2004-12-30,4550.0,0.0
372,EC8045386 Corp,2005-06-30,4550.0,0.0
373,EC8045386 Corp,2005-12-29,4550.0,0.0
374,EC8045386 Corp,2006-06-29,4550.0,0.0
375,EC8045386 Corp,2006-12-28,4550.0,0.0
376,EC8045386 Corp,2007-06-28,4550.0,0.0
377,EC8045386 Corp,2007-12-27,4550.0,0.0
378,EC8045386 Corp,2008-06-26,4550.0,0.0
379,EC8045386 Corp,2008-12-24,4525.0,0.0
380,EC8045386 Corp,2009-06-25,4575.0,0.0
381,EC8045386 Corp,2009-12-24,4550.0,100000.0
382,EC8084633 Corp,2003-01-02,0.0,0.0
383,EC8084633 Corp,2003-07-03,4550.0,0.0
384,EC8084633 Corp,2003-12-31,4525.0,0.0
385,EC8084633 Corp,2004-07-01,4575.0,0.0
386,EC8084633 Corp,2004-12-30,4550.0,0.0
387,EC8084633 Corp,2005-06-30,4550.0,0.0
388,EC8084633 Corp,2005-12-29,4550.0,0.0
389,EC8084633 Corp,2006-06-29,4550.0,0.0
390,EC8084633 Corp,2006-12-28,4550.0,0.0
391,EC8084633 Corp,2007-06-28,4550.0,0.0
392,EC8084633 Corp,2007-12-27,4550.0,0.0
393,EC8084633 Corp,2008-06-26,4550.0,0.0
394,EC8084633 Corp,2008-12-24,4525.0,0.0
395,EC8084633 Corp,2009-06-25,4575.0,0.0
396,EC8084633 Corp,2009-12-24,4550.0,0.0
397,EC8084633 Corp,2010-06-24,4550.0,0.0
398,EC8084633 Corp,2010-12-23,4550.0,0.0
399,EC8084633 Corp,2011-06-23,4550.0,0.0
400,EC8084633 Corp,2011-12-22,4550.0,0.0
401,EC8084633 Corp,2012-06-21,4550.0,0.0
402,EC8084633 Corp,2012-12-20,4550.0,100000.0
403,EC8178237 Corp,2003-01-02,0.0,0.0
404,EC8178237 Corp,2003-07-03,4550.0,0.0
405,EC8178237 Corp,2003-12-31,4525.0,0.0
406,EC8178237 Corp,2004-07-01,4575.0,0.0
407,EC8178237 Corp,2004-12-30,4550.0,0.0
408,EC8178237 Corp,2005-06-30,4550.0,0.0
409,EC8178237 Corp,2005-12-29,4550.0,0.0
410,EC8178237 Corp,2006-06-29,4550.0,0.0
411,EC8178237 Corp,2006-12-28,4550.0,0.0
412,EC8178237 Corp,2007-06-28,4550.0,0.0
413,EC8178237 Corp,2007-12-27,4550.0,100000.0
414,ED2028832 Corp,2003-10-30,0.0,0.0
415,ED2028832 Corp,2003-12-31,1377.7779999999998,0.0
416,ED2028832 Corp,2004-07-01,4066.667,0.0
417,ED2028832 Corp,2004-12-30,4044.4440000000004,0.0
418,ED2028832 Corp,2005-06-30,4044.4440000000004,0.0
419,ED2028832 Corp,2005-12-29,4044.4440000000004,0.0
420,ED2028832 Corp,2006-06-29,4044.4440000000004,0.0
421,ED2028832 Corp,2006-12-28,4044.4440000000004,0.0
422,ED2028832 Corp,2007-06-28,4044.4440000000004,0.0
423,ED2028832 Corp,2007-12-27,4044.4440000000004,0.0
424,ED2028832 Corp,2008-06-26,4044.4440000000004,0.0
425,ED2028832 Corp,2008-12-24,4022.222,0.0
426,ED2028832 Corp,2009-06-25,4066.667,0.0
427,ED2028832 Corp,2009-12-24,4044.4440000000004,0.0
428,ED2028832 Corp,2010-06-24,4044.4440000000004,0.0
429,ED2028832 Corp,2010-12-23,4044.4440000000004,0.0
430,ED2028832 Corp,2011-06-23,4044.4440000000004,0.0
431,ED2028832 Corp,2011-12-22,4044.4440000000004,0.0
432,ED2028832 Corp,2012-06-21,4044.4440000000004,0.0
433,ED2028832 Corp,2012-12-20,4044.4440000000004,0.0
434,ED2028832 Corp,2013-06-20,4044.4440000000004,0.0
435,ED2028832 Corp,2013-12-19,4044.4440000000004,0.0
436,ED2028832 Corp,2014-06-19,4044.4440000000004,0.0
437,ED2028832 Corp,2014-12-18,4044.4440000000004,0.0
438,ED2028832 Corp,2015-06-18,4044.4440000000004,0.0
439,ED2028832 Corp,2015-12-17,4044.4440000000004,0.0
440,ED2028832 Corp,2016-06-16,4044.4440000000004,0.0
441,ED2028832 Corp,2016-12-15,4044.4440000000004,0.0
442,ED2028832 Corp,2017-06-15,4044.4440000000004,0.0
443,ED2028832 Corp,2017-12-14,4044.4440000000004,0.0
444,ED2028832 Corp,2018-06-14,4044.4440000000004,0.0
445,ED2028832 Corp,2018-12-13,4044.4440000000004,0.0
446,ED2028832 Corp,2019-06-13,4044.4440000000004,0.0
447,ED2028832 Corp,2019-12-11,4022.222,0.0
448,ED2028832 Corp,2020-06-11,4066.667,0.0
449,ED2028832 Corp,2020-12-10,4044.4440000000004,0.0
450,ED2028832 Corp,2021-06-10,4044.4440000000004,0.0
451,ED2028832 Corp,2021-12-09,4044.4440000000004,0.0
452,ED2028832 Corp,2022-06-09,4044.4440000000004,0.0
453,ED2028832 Corp,2022-12-08,4044.4440000000004,0.0
454,ED2028832 Corp,2023-06-08,4044.4440000000004,0.0
455,ED2028832 Corp,2023-12-07,4044.4440000000004,100000.0
456,ED2746045 Corp,2003-12-31,0.0,0.0
457,ED2746045 Corp,2004-07-01,4066.667,0.0
458,ED2746045 Corp,2004-12-30,4044.4440000000004,0.0
459,ED2746045 Corp,2005-06-30,4044.4440000000004,0.0
460,ED2746045 Corp,2005-12-29,4044.4440000000004,0.0
461,ED2746045 Corp,2006-06-29,4044.4440000000004,0.0
462,ED2746045 Corp,2006-12-28,4044.4440000000004,100000.0
463,ED2746086 Corp,2003-12-31,0.0,0.0
464,ED2746086 Corp,2004-07-01,4066.667,0.0
465,ED2746086 Corp,2004-12-30,4044.4440000000004,0.0
466,ED2746086 Corp,2005-06-30,4044.4440000000004,0.0
467,ED2746086 Corp,2005-12-29,4044.4440000000004,0.0
468,ED2746086 Corp,2006-06-29,4044.4440000000004,0.0
469,ED2746086 Corp,2006-12-28,4044.4440000000004,0.0
470,ED2746086 Corp,2007-06-28,4044.4440000000004,0.0
471,ED2746086 Corp,2007-12-27,4044.4440000000004,0.0
472,ED2746086 Corp,2008-06-26,4044.4440000000004,0.0
473,ED2746086 Corp,2008-12-24,4022.222,0.0
474,ED2746086 Corp,2009-06-25,4066.667,0.0
475,ED2746086 Corp,2009-12-24,4044.4440000000004,0.0
476,ED2746086 Corp,2010-06-24,4044.4440000000004,0.0
477,ED2746086 Corp,2010-12-23,4044.4440000000004,100000.0
478,ED2816525 Corp,2003-12-31,0.0,0.0
479,ED2816525 Corp,2004-07-01,4066.667,0.0
480,ED2816525 Corp,2004-12-30,4044.4440000000004,0.0
481,ED2816525 Corp,2005-06-30,4044.4440000000004,0.0
482,ED2816525 Corp,2005-12-29,4044.4440000000004,0.0
483,ED2816525 Corp,2006-06-29,4044.4440000000004,0.0
484,ED2816525 Corp,2006-12-28,4044.4440000000004,0.0
485,ED2816525 Corp,2007-06-28,4044.4440000000004,0.0
486,ED2816525 Corp,2007-12-27,4044.4440000000004,0.0
487,ED2816525 Corp,2008-06-26,4044.4440000000004,0.0
488,ED2816525 Corp,2008-12-24,4022.222,0.0
489,ED2816525 Corp,2009-06-25,4066.667,0.0
490,ED2816525 Corp,2009-12-24,4044.4440000000004,0.0
491,ED2816525 Corp,2010-06-24,4044.4440000000004,0.0
492,ED2816525 Corp,2010-12-23,4044.4440000000004,0.0
493,ED2816525 Corp,2011-06-23,4044.4440000000004,0.0
494,ED2816525 Corp,2011-12-22,4044.4440000000004,0.0
495,ED2816525 Corp,2012-06-21,4044.4440000000004,0.0
496,ED2816525 Corp,2012-12-20,4044.4440000000004,0.0
497,ED2816525 Corp,2013-06-20,4044.4440000000004,0.0
498,ED2816525 Corp,2013-12-19,4044.4440000000004,100000.0
499,ED2865670 Corp,2003-12-31,0.0,0.0
500,ED2865670 Corp,2004-07-01,4066.667,0.0
501,ED2865670 Corp,2004-12-30,4044.4440000000004,0.0
502,ED2865670 Corp,2005-06-30,4044.4440000000004,0.0
503,ED2865670 Corp,2005-12-29,4044.4440000000004,0.0
504,ED2865670 Corp,2006-06-29,4044.4440000000004,0.0
505,ED2865670 Corp,2006-12-28,4044.4440000000004,0.0
506,ED2865670 Corp,2007-06-28,4044.4440000000004,0.0
507,ED2865670 Corp,2007-12-27,4044.4440000000004,0.0
508,ED2865670 Corp,2008-06-26,4044.4440000000004,0.0
509,ED2865670 Corp,2008-12-24,4022.222,100000.0
510,ED7597518 Corp,2004-12-30,0.0,0.0
511,ED7597518 Corp,2005-06-30,4802.778,0.0
512,ED7597518 Corp,2005-12-29,4802.778,0.0
513,ED7597518 Corp,2006-06-29,4802.778,0.0
514,ED7597518 Corp,2006-12-28,4802.778,0.0
515,ED7597518 Corp,2007-06-28,4802.778,0.0
516,ED7597518 Corp,2007-12-27,4802.778,0.0
517,ED7597518 Corp,2008-06-26,4802.778,0.0
518,ED7597518 Corp,2008-12-24,4776.389,0.0
519,ED7597518 Corp,2009-06-25,4829.167,0.0
520,ED7597518 Corp,2009-12-24,4802.778,0.0
521,ED7597518 Corp,2010-06-24,4802.778,0.0
522,ED7597518 Corp,2010-12-23,4802.778,0.0
523,ED7597518 Corp,2011-06-23,4802.778,0.0
524,ED7597518 Corp,2011-12-22,4802.778,0.0
525,ED7597518 Corp,2012-06-21,4802.778,0.0
526,ED7597518 Corp,2012-12-20,4802.778,0.0
527,ED7597518 Corp,2013-06-20,4802.778,0.0
528,ED7597518 Corp,2013-12-19,4802.778,0.0
529,ED7597518 Corp,2014-06-19,4802.778,0.0
530,ED7597518 Corp,2014-12-18,4802.778,100000.0
531,ED7791103 Corp,2004-12-30,0.0,0.0
532,ED7791103 Corp,2005-06-30,5055.556,0.0
533,ED7791103 Corp,2005-12-29,5055.556,0.0
534,ED7791103 Corp,2006-06-29,5055.556,0.0
535,ED7791103 Corp,2006-12-28,5055.556,0.0
536,ED7791103 Corp,2007-06-28,5055.556,0.0
537,ED7791103 Corp,2007-12-27,5055.556,0.0
538,ED7791103 Corp,2008-06-26,5055.556,0.0
539,ED7791103 Corp,2008-12-24,5027.778,0.0
540,ED7791103 Corp,2009-06-25,5083.333,0.0
541,ED7791103 Corp,2009-12-24,5055.556,0.0
542,ED7791103 Corp,2010-06-24,5055.556,0.0
543,ED7791103 Corp,2010-12-23,5055.556,0.0
544,ED7791103 Corp,2011-06-23,5055.556,0.0
545,ED7791103 Corp,2011-12-22,5055.556,0.0
546,ED7791103 Corp,2012-06-21,5055.556,0.0
547,ED7791103 Corp,2012-12-20,5055.556,0.0
548,ED7791103 Corp,2013-06-20,5055.556,0.0
549,ED7791103 Corp,2013-12-19,5055.556,0.0
550,ED7791103 Corp,2014-06-19,5055.556,0.0
551,ED7791103 Corp,2014-12-18,5055.556,0.0
552,ED7791103 Corp,2015-06-18,5055.556,0.0
553,ED7791103 Corp,2015-12-17,5055.556,0.0
554,ED7791103 Corp,2016-06-16,5055.556,0.0
555,ED7791103 Corp,2016-12-15,5055.556,0.0
556,ED7791103 Corp,2017-06-15,5055.556,0.0
557,ED7791103 Corp,2017-12-14,5055.556,0.0
558,ED7791103 Corp,2018-06-14,5055.556,0.0
559,ED7791103 Corp,2018-12-13,5055.556,0.0
560,ED7791103 Corp,2019-06-13,5055.556,0.0
561,ED7791103 Corp,2019-12-11,5027.778,0.0
562,ED7791103 Corp,2020-06-11,5083.333,0.0
563,ED7791103 Corp,2020-12-10,5055.556,0.0
564,ED7791103 Corp,2021-06-10,5055.556,0.0
565,ED7791103 Corp,2021-12-09,5055.556,0.0
566,ED7791103 Corp,2022-06-09,5055.556,0.0
567,ED7791103 Corp,2022-12-08,5055.556,0.0
568,ED7791103 Corp,2023-06-08,5055.556,0.0
569,ED7791103 Corp,2023-12-07,5055.556,0.0
570,ED7791103 Corp,2024-06-06,5055.556,0.0
571,ED7791103 Corp,2024-12-05,5055.556,100000.0
572,ED7894840 Corp,2004-12-30,0.0,0.0
573,ED7894840 Corp,2005-06-30,4550.0,0.0
574,ED7894840 Corp,2005-12-29,4550.0,0.0
575,ED7894840 Corp,2006-06-29,4550.0,0.0
576,ED7894840 Corp,2006-12-28,4550.0,0.0
577,ED7894840 Corp,2007-06-28,4550.0,0.0
578,ED7894840 Corp,2007-12-27,4550.0,0.0
579,ED7894840 Corp,2008-06-26,4550.0,0.0
580,ED7894840 Corp,2008-12-24,4525.0,0.0
581,ED7894840 Corp,2009-06-25,4575.0,0.0
582,ED7894840 Corp,2009-12-24,4550.0,0.0
583,ED7894840 Corp,2010-06-24,4550.0,0.0
584,ED7894840 Corp,2010-12-23,4550.0,0.0
585,ED7894840 Corp,2011-06-23,4550.0,0.0
586,ED7894840 Corp,2011-12-22,4550.0,100000.0
587,EF2270975 Corp,2005-12-29,0.0,0.0
588,EF2270975 Corp,2006-06-29,4044.4440000000004,0.0
589,EF2270975 Corp,2006-12-28,4044.4440000000004,0.0
590,EF2270975 Corp,2007-06-28,4044.4440000000004,0.0
591,EF2270975 Corp,2007-12-27,4044.4440000000004,0.0
592,EF2270975 Corp,2008-06-26,4044.4440000000004,0.0
593,EF2270975 Corp,2008-12-24,4022.222,0.0
594,EF2270975 Corp,2009-06-25,4066.667,0.0
595,EF2270975 Corp,2009-12-24,4044.4440000000004,0.0
596,EF2270975 Corp,2010-06-24,4044.4440000000004,0.0
597,EF2270975 Corp,2010-12-23,4044.4440000000004,0.0
598,EF2270975 Corp,2011-06-23,4044.4440000000004,0.0
599,EF2270975 Corp,2011-12-22,4044.4440000000004,0.0
600,EF2270975 Corp,2012-06-21,4044.4440000000004,0.0
601,EF2270975 Corp,2012-12-20,4044.4440000000004,0.0
602,EF2270975 Corp,2013-06-20,4044.4440000000004,0.0
603,EF2270975 Corp,2013-12-19,4044.4440000000004,0.0
604,EF2270975 Corp,2014-06-19,4044.4440000000004,0.0
605,EF2270975 Corp,2014-12-18,4044.4440000000004,0.0
606,EF2270975 Corp,2015-06-18,4044.4440000000004,0.0
607,EF2270975 Corp,2015-12-17,4044.4440000000004,100000.0
608,EF5478096 Corp,2006-06-29,0.0,0.0
609,EF5478096 Corp,2006-12-28,4550.0,0.0
610,EF5478096 Corp,2007-06-28,4550.0,0.0
611,EF5478096 Corp,2007-12-27,4550.0,0.0
612,EF5478096 Corp,2008-06-26,4550.0,0.0
613,EF5478096 Corp,2008-12-24,4525.0,0.0
614,EF5478096 Corp,2009-06-25,4575.0,0.0
615,EF5478096 Corp,2009-12-24,4550.0,0.0
616,EF5478096 Corp,2010-06-24,4550.0,0.0
617,EF5478096 Corp,2010-12-23,4550.0,0.0
618,EF5478096 Corp,2011-06-23,4550.0,0.0
619,EF5478096 Corp,2011-12-22,4550.0,0.0
620,EF5478096 Corp,2012-06-21,4550.0,0.0
621,EF5478096 Corp,2012-12-20,4550.0,0.0
622,EF5478096 Corp,2013-06-20,4550.0,100000.0
623,EF5805942 Corp,2006-06-29,0.0,0.0
624,EF5805942 Corp,2006-12-28,4297.222,0.0
625,EF5805942 Corp,2007-06-28,4297.222,0.0
626,EF5805942 Corp,2007-12-27,4297.222,0.0
627,EF5805942 Corp,2008-06-26,4297.222,0.0
628,EF5805942 Corp,2008-12-24,4273.611,0.0
629,EF5805942 Corp,2009-06-25,4320.833,0.0
630,EF5805942 Corp,2009-12-24,4297.222,0.0
631,EF5805942 Corp,2010-06-24,4297.222,0.0
632,EF5805942 Corp,2010-12-23,4297.222,0.0
633,EF5805942 Corp,2011-06-23,4297.222,100000.0
634,EF7918115 Corp,2006-06-29,0.0,0.0
635,EF7918115 Corp,2006-12-28,5055.556,0.0
636,EF7918115 Corp,2007-06-28,5055.556,0.0
637,EF7918115 Corp,2007-12-27,5055.556,0.0
638,EF7918115 Corp,2008-06-26,5055.556,0.0
639,EF7918115 Corp,2008-12-24,5027.778,0.0
640,EF7918115 Corp,2009-06-25,5083.333,0.0
641,EF7918115 Corp,2009-12-24,5055.556,0.0
642,EF7918115 Corp,2010-06-24,5055.556,0.0
643,EF7918115 Corp,2010-12-23,5055.556,0.0
644,EF7918115 Corp,2011-06-23,5055.556,0.0
645,EF7918115 Corp,2011-12-22,5055.556,0.0
646,EF7918115 Corp,2012-06-21,5055.556,0.0
647,EF7918115 Corp,2012-12-20,5055.556,0.0
648,EF7918115 Corp,2013-06-20,5055.556,0.0
649,EF7918115 Corp,2013-12-19,5055.556,0.0
650,EF7918115 Corp,2014-06-19,5055.556,0.0
651,EF7918115 Corp,2014-12-18,5055.556,0.0
652,EF7918115 Corp,2015-06-18,5055.556,0.0
653,EF7918115 Corp,2015-12-17,5055.556,0.0
654,EF7918115 Corp,2016-06-16,5055.556,0.0
655,EF7918115 Corp,2016-12-15,5055.556,0.0
656,EF7918115 Corp,2017-06-15,5055.556,0.0
657,EF7918115 Corp,2017-12-14,5055.556,0.0
658,EF7918115 Corp,2018-06-14,5055.556,0.0
659,EF7918115 Corp,2018-12-13,5055.556,0.0
660,EF7918115 Corp,2019-06-13,5055.556,0.0
661,EF7918115 Corp,2019-12-11,5027.778,0.0
662,EF7918115 Corp,2020-06-11,5083.333,0.0
663,EF7918115 Corp,2020-12-10,5055.556,0.0
664,EF7918115 Corp,2021-06-10,5055.556,0.0
665,EF7918115 Corp,2021-12-09,5055.556,0.0
666,EF7918115 Corp,2022-06-09,5055.556,0.0
667,EF7918115 Corp,2022-12-08,5055.556,0.0
668,EF7918115 Corp,2023-06-08,5055.556,0.0
669,EF7918115 Corp,2023-12-07,5055.556,0.0
670,EF7918115 Corp,2024-06-06,5055.556,0.0
671,EF7918115 Corp,2024-12-05,5055.556,0.0
672,EF7918115 Corp,2025-06-05,5055.556,0.0
673,EF7918115 Corp,2025-12-04,5055.556,0.0
674,EF7918115 Corp,2026-06-04,5055.556,0.0
675,EF7918115 Corp,2026-12-03,5055.556,0.0
676,EF7918115 Corp,2027-06-03,5055.556,0.0
677,EF7918115 Corp,2027-12-02,5055.556,0.0
678,EF7918115 Corp,2028-06-01,5055.556,0.0
679,EF7918115 Corp,2028-11-30,5055.556,0.0
680,EF7918115 Corp,2029-05-31,5055.556,0.0
681,EF7918115 Corp,2029-11-29,5055.556,0.0
682,EF7918115 Corp,2030-05-30,5055.556,0.0
683,EF7918115 Corp,2030-11-28,5055.556,0.0
684,EF7918115 Corp,2031-05-29,5055.556,0.0
685,EF7918115 Corp,2031-11-27,5055.556,0.0
686,EF7918115 Corp,2032-05-27,5055.556,0.0
687,EF7918115 Corp,2032-11-25,5055.556,0.0
688,EF7918115 Corp,2033-05-26,5055.556,0.0
689,EF7918115 Corp,2033-11-24,5055.556,0.0
690,EF7918115 Corp,2034-05-25,5055.556,0.0
691,EF7918115 Corp,2034-11-23,5055.556,0.0
692,EF7918115 Corp,2035-05-24,5055.556,0.0
693,EF7918115 Corp,2035-11-22,5055.556,0.0
694,EF7918115 Corp,2036-05-22,5055.556,0.0
695,EF7918115 Corp,2036-11-20,5055.556,100000.0
696,EG1116375 Corp,2006-12-28,0.0,0.0
697,EG1116375 Corp,2007-06-28,3791.667,0.0
698,EG1116375 Corp,2007-12-27,3791.667,0.0
699,EG1116375 Corp,2008-06-26,3791.667,0.0
700,EG1116375 Corp,2008-12-24,3770.833,0.0
701,EG1116375 Corp,2009-06-25,3812.5,0.0
702,EG1116375 Corp,2009-12-24,3791.667,0.0
703,EG1116375 Corp,2010-06-24,3791.667,0.0
704,EG1116375 Corp,2010-12-23,3791.667,0.0
705,EG1116375 Corp,2011-06-23,3791.667,0.0
706,EG1116375 Corp,2011-12-22,3791.667,0.0
707,EG1116375 Corp,2012-06-21,3791.667,0.0
708,EG1116375 Corp,2012-12-20,3791.667,0.0
709,EG1116375 Corp,2013-06-20,3791.667,0.0
710,EG1116375 Corp,2013-12-19,3791.667,0.0
711,EG1116375 Corp,2014-06-19,3791.667,0.0
712,EG1116375 Corp,2014-12-18,3791.667,0.0
713,EG1116375 Corp,2015-06-18,3791.667,0.0
714,EG1116375 Corp,2015-12-17,3791.667,0.0
715,EG1116375 Corp,2016-06-16,3791.667,0.0
716,EG1116375 Corp,2016-12-15,3791.667,0.0
717,EG1116375 Corp,2017-06-15,3791.667,0.0
718,EG1116375 Corp,2017-12-14,3791.667,0.0
719,EG1116375 Corp,2018-06-14,3791.667,0.0
720,EG1116375 Corp,2018-12-13,3791.667,0.0
721,EG1116375 Corp,2019-06-13,3791.667,0.0
722,EG1116375 Corp,2019-12-11,3770.833,0.0
723,EG1116375 Corp,2020-06-11,3812.5,0.0
724,EG1116375 Corp,2020-12-10,3791.667,0.0
725,EG1116375 Corp,2021-06-10,3791.667,0.0
726,EG1116375 Corp,2021-12-09,3791.667,0.0
727,EG1116375 Corp,2022-06-09,3791.667,0.0
728,EG1116375 Corp,2022-12-08,3791.667,0.0
729,EG1116375 Corp,2023-06-08,3791.667,0.0
730,EG1116375 Corp,2023-12-07,3791.667,0.0
731,EG1116375 Corp,2024-06-06,3791.667,0.0
732,EG1116375 Corp,2024-12-05,3791.667,0.0
733,EG1116375 Corp,2025-06-05,3791.667,0.0
734,EG1116375 Corp,2025-12-04,3791.667,0.0
735,EG1116375 Corp,2026-06-04,3791.667,0.0
736,EG1116375 Corp,2026-12-03,3791.667,0.0
737,EG1116375 Corp,2027-06-03,3791.667,100000.0
738,EG1429968 Corp,2006-12-28,0.0,0.0
739,EG1429968 Corp,2007-06-28,3665.278,0.0
740,EG1429968 Corp,2007-12-27,3665.278,0.0
741,EG1429968 Corp,2008-06-26,3665.278,0.0
742,EG1429968 Corp,2008-12-24,3645.139,0.0
743,EG1429968 Corp,2009-06-25,3685.417,0.0
744,EG1429968 Corp,2009-12-24,3665.278,0.0
745,EG1429968 Corp,2010-06-24,3665.278,0.0
746,EG1429968 Corp,2010-12-23,3665.278,0.0
747,EG1429968 Corp,2011-06-23,3665.278,0.0
748,EG1429968 Corp,2011-12-22,3665.278,0.0
749,EG1429968 Corp,2012-06-21,3665.278,0.0
750,EG1429968 Corp,2012-12-20,3665.278,0.0
751,EG1429968 Corp,2013-06-20,3665.278,0.0
752,EG1429968 Corp,2013-12-19,3665.278,0.0
753,EG1429968 Corp,2014-06-19,3665.278,0.0
754,EG1429968 Corp,2014-12-18,3665.278,0.0
755,EG1429968 Corp,2015-06-18,3665.278,0.0
756,EG1429968 Corp,2015-12-17,3665.278,0.0
757,EG1429968 Corp,2016-06-16,3665.278,0.0
758,EG1429968 Corp,2016-12-15,3665.278,100000.0
759,EG6663686 Corp,2007-06-28,0.0,0.0
760,EG6663686 Corp,2007-12-27,3791.667,0.0
761,EG6663686 Corp,2008-06-26,3791.667,0.0
762,EG6663686 Corp,2008-12-24,3770.833,0.0
763,EG6663686 Corp,2009-06-25,3812.5,0.0
764,EG6663686 Corp,2009-12-24,3791.667,0.0
765,EG6663686 Corp,2010-06-24,3791.667,0.0
766,EG6663686 Corp,2010-12-23,3791.667,0.0
767,EG6663686 Corp,2011-06-23,3791.667,0.0
768,EG6663686 Corp,2011-12-22,3791.667,0.0
769,EG6663686 Corp,2012-06-21,3791.667,100000.0
770,EH1850997 Corp,2007-12-27,0.0,0.0
771,EH1850997 Corp,2008-06-26,3918.0559999999996,0.0
772,EH1850997 Corp,2008-12-24,3896.528,0.0
773,EH1850997 Corp,2009-06-25,3939.583,0.0
774,EH1850997 Corp,2009-12-24,3918.0559999999996,0.0
775,EH1850997 Corp,2010-06-24,3918.0559999999996,0.0
776,EH1850997 Corp,2010-12-23,3918.0559999999996,0.0
777,EH1850997 Corp,2011-06-23,3918.0559999999996,0.0
778,EH1850997 Corp,2011-12-22,3918.0559999999996,0.0
779,EH1850997 Corp,2012-06-21,3918.0559999999996,0.0
780,EH1850997 Corp,2012-12-20,3918.0559999999996,0.0
781,EH1850997 Corp,2013-06-20,3918.0559999999996,0.0
782,EH1850997 Corp,2013-12-19,3918.0559999999996,0.0
783,EH1850997 Corp,2014-06-19,3918.0559999999996,0.0
784,EH1850997 Corp,2014-12-18,3918.0559999999996,0.0
785,EH1850997 Corp,2015-06-18,3918.0559999999996,0.0
786,EH1850997 Corp,2015-12-17,3918.0559999999996,0.0
787,EH1850997 Corp,2016-06-16,3918.0559999999996,0.0
788,EH1850997 Corp,2016-12-15,3918.0559999999996,0.0
789,EH1850997 Corp,2017-06-15,3918.0559999999996,0.0
790,EH1850997 Corp,2017-12-14,3918.0559999999996,100000.0
791,EH6834517 Corp,2008-12-24,0.0,0.0
792,EH6834517 Corp,2009-06-25,4320.833,0.0
793,EH6834517 Corp,2009-12-24,4297.222,0.0
794,EH6834517 Corp,2010-06-24,4297.222,0.0
795,EH6834517 Corp,2010-12-23,4297.222,0.0
796,EH6834517 Corp,2011-06-23,4297.222,0.0
797,EH6834517 Corp,2011-12-22,4297.222,0.0
798,EH6834517 Corp,2012-06-21,4297.222,0.0
799,EH6834517 Corp,2012-12-20,4297.222,0.0
800,EH6834517 Corp,2013-06-20,4297.222,0.0
801,EH6834517 Corp,2013-12-19,4297.222,0.0
802,EH6834517 Corp,2014-06-19,4297.222,0.0
803,EH6834517 Corp,2014-12-18,4297.222,0.0
804,EH6834517 Corp,2015-06-18,4297.222,0.0
805,EH6834517 Corp,2015-12-17,4297.222,0.0
806,EH6834517 Corp,2016-06-16,4297.222,0.0
807,EH6834517 Corp,2016-12-15,4297.222,0.0
808,EH6834517 Corp,2017-06-15,4297.222,0.0
809,EH6834517 Corp,2017-12-14,4297.222,0.0
810,EH6834517 Corp,2018-06-14,4297.222,0.0
811,EH6834517 Corp,2018-12-13,4297.222,0.0
812,EH6834517 Corp,2019-06-13,4297.222,0.0
813,EH6834517 Corp,2019-12-11,4273.611,0.0
814,EH6834517 Corp,2020-06-11,4320.833,0.0
815,EH6834517 Corp,2020-12-10,4297.222,0.0
816,EH6834517 Corp,2021-06-10,4297.222,0.0
817,EH6834517 Corp,2021-12-09,4297.222,0.0
818,EH6834517 Corp,2022-06-09,4297.222,0.0
819,EH6834517 Corp,2022-12-08,4297.222,0.0
820,EH6834517 Corp,2023-06-08,4297.222,0.0
821,EH6834517 Corp,2023-12-07,4297.222,0.0
822,EH6834517 Corp,2024-06-06,4297.222,0.0
823,EH6834517 Corp,2024-12-05,4297.222,0.0
824,EH6834517 Corp,2025-06-05,4297.222,0.0
825,EH6834517 Corp,2025-12-04,4297.222,0.0
826,EH6834517 Corp,2026-06-04,4297.222,0.0
827,EH6834517 Corp,2026-12-03,4297.222,0.0
828,EH6834517 Corp,2027-06-03,4297.222,0.0
829,EH6834517 Corp,2027-12-02,4297.222,0.0
830,EH6834517 Corp,2028-06-01,4297.222,0.0
831,EH6834517 Corp,2028-11-30,4297.222,0.0
832,EH6834517 Corp,2029-05-31,4297.222,100000.0
833,EH6944449 Corp,2008-12-24,0.0,0.0
834,EH6944449 Corp,2009-06-25,4320.833,0.0
835,EH6944449 Corp,2009-12-24,4297.222,0.0
836,EH6944449 Corp,2010-06-24,4297.222,0.0
837,EH6944449 Corp,2010-12-23,4297.222,0.0
838,EH6944449 Corp,2011-06-23,4297.222,0.0
839,EH6944449 Corp,2011-12-22,4297.222,0.0
840,EH6944449 Corp,2012-06-21,4297.222,0.0
841,EH6944449 Corp,2012-12-20,4297.222,0.0
842,EH6944449 Corp,2013-06-20,4297.222,0.0
843,EH6944449 Corp,2013-12-19,4297.222,0.0
844,EH6944449 Corp,2014-06-19,4297.222,0.0
845,EH6944449 Corp,2014-12-18,4297.222,0.0
846,EH6944449 Corp,2015-06-18,4297.222,0.0
847,EH6944449 Corp,2015-12-17,4297.222,0.0
848,EH6944449 Corp,2016-06-16,4297.222,0.0
849,EH6944449 Corp,2016-12-15,4297.222,0.0
850,EH6944449 Corp,2017-06-15,4297.222,0.0
851,EH6944449 Corp,2017-12-14,4297.222,0.0
852,EH6944449 Corp,2018-06-14,4297.222,0.0
853,EH6944449 Corp,2018-12-13,4297.222,0.0
854,EH6944449 Corp,2019-06-13,4297.222,0.0
855,EH6944449 Corp,2019-12-11,4273.611,0.0
856,EH6944449 Corp,2020-06-11,4320.833,0.0
857,EH6944449 Corp,2020-12-10,4297.222,0.0
858,EH6944449 Corp,2021-06-10,4297.222,0.0
859,EH6944449 Corp,2021-12-09,4297.222,0.0
860,EH6944449 Corp,2022-06-09,4297.222,0.0
861,EH6944449 Corp,2022-12-08,4297.222,0.0
862,EH6944449 Corp,2023-06-08,4297.222,0.0
863,EH6944449 Corp,2023-12-07,4297.222,0.0
864,EH6944449 Corp,2024-06-06,4297.222,0.0
865,EH6944449 Corp,2024-12-05,4297.222,0.0
866,EH6944449 Corp,2025-06-05,4297.222,0.0
867,EH6944449 Corp,2025-12-04,4297.222,0.0
868,EH6944449 Corp,2026-06-04,4297.222,0.0
869,EH6944449 Corp,2026-12-03,4297.222,0.0
870,EH6944449 Corp,2027-06-03,4297.222,0.0
871,EH6944449 Corp,2027-12-02,4297.222,0.0
872,EH6944449 Corp,2028-06-01,4297.222,0.0
873,EH6944449 Corp,2028-11-30,4297.222,0.0
874,EH6944449 Corp,2029-05-31,4297.222,0.0
875,EH6944449 Corp,2029-11-29,4297.222,0.0
876,EH6944449 Corp,2030-05-30,4297.222,0.0
877,EH6944449 Corp,2030-11-28,4297.222,0.0
878,EH6944449 Corp,2031-05-29,4297.222,0.0
879,EH6944449 Corp,2031-11-27,4297.222,0.0
880,EH6944449 Corp,2032-05-27,4297.222,0.0
881,EH6944449 Corp,2032-11-25,4297.222,0.0
882,EH6944449 Corp,2033-05-26,4297.222,0.0
883,EH6944449 Corp,2033-11-24,4297.222,0.0
884,EH6944449 Corp,2034-05-25,4297.222,0.0
885,EH6944449 Corp,2034-11-23,4297.222,0.0
886,EH6944449 Corp,2035-05-24,4297.222,0.0
887,EH6944449 Corp,2035-11-22,4297.222,0.0
888,EH6944449 Corp,2036-05-22,4297.222,0.0
889,EH6944449 Corp,2036-11-20,4297.222,0.0
890,EH6944449 Corp,2037-05-21,4297.222,0.0
891,EH6944449 Corp,2037-11-19,4297.222,0.0
892,EH6944449 Corp,2038-05-20,4297.222,0.0
893,EH6944449 Corp,2038-11-18,4297.222,100000.0
894,EH7175118 Corp,2008-12-24,0.0,0.0
895,EH7175118 Corp,2009-06-25,4320.833,0.0
896,EH7175118 Corp,2009-12-24,4297.222,0.0
897,EH7175118 Corp,2010-06-24,4297.222,0.0
898,EH7175118 Corp,2010-12-23,4297.222,0.0
899,EH7175118 Corp,2011-06-23,4297.222,0.0
900,EH7175118 Corp,2011-12-22,4297.222,0.0
901,EH7175118 Corp,2012-06-21,4297.222,0.0
902,EH7175118 Corp,2012-12-20,4297.222,0.0
903,EH7175118 Corp,2013-06-20,4297.222,0.0
904,EH7175118 Corp,2013-12-19,4297.222,0.0
905,EH7175118 Corp,2014-06-19,4297.222,0.0
906,EH7175118 Corp,2014-12-18,4297.222,0.0
907,EH7175118 Corp,2015-06-18,4297.222,0.0
908,EH7175118 Corp,2015-12-17,4297.222,0.0
909,EH7175118 Corp,2016-06-16,4297.222,0.0
910,EH7175118 Corp,2016-12-15,4297.222,0.0
911,EH7175118 Corp,2017-06-15,4297.222,0.0
912,EH7175118 Corp,2017-12-14,4297.222,0.0
913,EH7175118 Corp,2018-06-14,4297.222,0.0
914,EH7175118 Corp,2018-12-13,4297.222,100000.0
915,EH9108950 Corp,2009-06-25,0.0,0.0
916,EH9108950 Corp,2009-12-24,3538.889,0.0
917,EH9108950 Corp,2010-06-24,3538.889,0.0
918,EH9108950 Corp,2010-12-23,3538.889,0.0
919,EH9108950 Corp,2011-06-23,3538.889,0.0
920,EH9108950 Corp,2011-12-22,3538.889,0.0
921,EH9108950 Corp,2012-06-21,3538.889,0.0
922,EH9108950 Corp,2012-12-20,3538.889,0.0
923,EH9108950 Corp,2013-06-20,3538.889,0.0
924,EH9108950 Corp,2013-12-19,3538.889,0.0
925,EH9108950 Corp,2014-06-19,3538.889,100000.0
926,EI1588082 Corp,2009-12-24,0.0,0.0
927,EI1588082 Corp,2010-06-24,4044.4440000000004,0.0
928,EI1588082 Corp,2010-12-23,4044.4440000000004,0.0
929,EI1588082 Corp,2011-06-23,4044.4440000000004,0.0
930,EI1588082 Corp,2011-12-22,4044.4440000000004,0.0
931,EI1588082 Corp,2012-06-21,4044.4440000000004,0.0
932,EI1588082 Corp,2012-12-20,4044.4440000000004,0.0
933,EI1588082 Corp,2013-06-20,4044.4440000000004,0.0
934,EI1588082 Corp,2013-12-19,4044.4440000000004,0.0
935,EI1588082 Corp,2014-06-19,4044.4440000000004,0.0
936,EI1588082 Corp,2014-12-18,4044.4440000000004,0.0
937,EI1588082 Corp,2015-06-18,4044.4440000000004,0.0
938,EI1588082 Corp,2015-12-17,4044.4440000000004,0.0
939,EI1588082 Corp,2016-06-16,4044.4440000000004,0.0
940,EI1588082 Corp,2016-12-15,4044.4440000000004,0.0
941,EI1588082 Corp,2017-06-15,4044.4440000000004,0.0
942,EI1588082 Corp,2017-12-14,4044.4440000000004,0.0
943,EI1588082 Corp,2018-06-14,4044.4440000000004,0.0
944,EI1588082 Corp,2018-12-13,4044.4440000000004,0.0
945,EI1588082 Corp,2019-06-13,4044.4440000000004,0.0
946,EI1588082 Corp,2019-12-11,4022.222,0.0
947,EI1588082 Corp,2020-06-11,4066.667,100000.0
948,EI3157795 Corp,2010-06-24,0.0,0.0
949,EI3157795 Corp,2010-12-23,3033.333,0.0
950,EI3157795 Corp,2011-06-23,3033.333,0.0
951,EI3157795 Corp,2011-12-22,3033.333,0.0
952,EI3157795 Corp,2012-06-21,3033.333,0.0
953,EI3157795 Corp,2012-12-20,3033.333,0.0
954,EI3157795 Corp,2013-06-20,3033.333,0.0
955,EI3157795 Corp,2013-12-19,3033.333,0.0
956,EI3157795 Corp,2014-06-19,3033.333,0.0
957,EI3157795 Corp,2014-12-18,3033.333,0.0
958,EI3157795 Corp,2015-06-18,3033.333,100000.0
959,EI5616079 Corp,2010-12-23,0.0,0.0
960,EI5616079 Corp,2011-06-23,3286.111,0.0
961,EI5616079 Corp,2011-12-22,3286.111,0.0
962,EI5616079 Corp,2012-06-21,3286.111,0.0
963,EI5616079 Corp,2012-12-20,3286.111,0.0
964,EI5616079 Corp,2013-06-20,3286.111,0.0
965,EI5616079 Corp,2013-12-19,3286.111,0.0
966,EI5616079 Corp,2014-06-19,3286.111,0.0
967,EI5616079 Corp,2014-12-18,3286.111,0.0
968,EI5616079 Corp,2015-06-18,3286.111,0.0
969,EI5616079 Corp,2015-12-17,3286.111,0.0
970,EI5616079 Corp,2016-06-16,3286.111,0.0
971,EI5616079 Corp,2016-12-15,3286.111,0.0
972,EI5616079 Corp,2017-06-15,3286.111,0.0
973,EI5616079 Corp,2017-12-14,3286.111,0.0
974,EI5616079 Corp,2018-06-14,3286.111,0.0
975,EI5616079 Corp,2018-12-13,3286.111,0.0
976,EI5616079 Corp,2019-06-13,3286.111,0.0
977,EI5616079 Corp,2019-12-11,3268.0559999999996,0.0
978,EI5616079 Corp,2020-06-11,3304.167,0.0
979,EI5616079 Corp,2020-12-10,3286.111,0.0
980,EI5616079 Corp,2021-06-10,3286.111,100000.0
981,EI7361336 Corp,2014-06-19,0.0,0.0
982,EI7361336 Corp,2014-12-18,2527.778,0.0
983,EI7361336 Corp,2015-06-18,2527.778,0.0
984,EI7361336 Corp,2015-12-17,2527.778,0.0
985,EI7361336 Corp,2016-06-16,2527.778,0.0
986,EI7361336 Corp,2016-12-15,2527.778,0.0
987,EI7361336 Corp,2017-06-15,2527.778,0.0
988,EI7361336 Corp,2017-12-14,2527.778,0.0
989,EI7361336 Corp,2018-06-14,2527.778,0.0
990,EI7361336 Corp,2018-12-13,2527.778,0.0
991,EI7361336 Corp,2019-06-13,2527.778,0.0
992,EI7361336 Corp,2019-12-11,2513.889,100000.0
993,EI7570381 Corp,2011-06-23,0.0,0.0
994,EI7570381 Corp,2011-12-22,3159.722,0.0
995,EI7570381 Corp,2012-06-21,3159.722,0.0
996,EI7570381 Corp,2012-12-20,3159.722,0.0
997,EI7570381 Corp,2013-06-20,3159.722,0.0
998,EI7570381 Corp,2013-12-19,3159.722,0.0
999,EI7570381 Corp,2014-06-19,3159.722,0.0
1000,EI7570381 Corp,2014-12-18,3159.722,0.0
1001,EI7570381 Corp,2015-06-18,3159.722,0.0
1002,EI7570381 Corp,2015-12-17,3159.722,0.0
1003,EI7570381 Corp,2016-06-16,3159.722,100000.0
1004,EI7646736 Corp,2004-12-30,0.0,0.0
1005,EI7646736 Corp,2005-06-30,4550.0,0.0
1006,EI7646736 Corp,2005-12-29,4550.0,0.0
1007,EI7646736 Corp,2006-06-29,4550.0,0.0
1008,EI7646736 Corp,2006-12-28,4550.0,0.0
1009,EI7646736 Corp,2007-06-28,4550.0,0.0
1010,EI7646736 Corp,2007-12-27,4550.0,0.0
1011,EI7646736 Corp,2008-06-26,4550.0,0.0
1012,EI7646736 Corp,2008-12-24,4525.0,0.0
1013,EI7646736 Corp,2009-06-25,4575.0,0.0
1014,EI7646736 Corp,2009-12-24,4550.0,0.0
1015,EI7646736 Corp,2010-06-24,4550.0,0.0
1016,EI7646736 Corp,2010-12-23,4550.0,0.0
1017,EI7646736 Corp,2011-06-23,4550.0,0.0
1018,EI7646736 Corp,2011-12-22,4550.0,100000.0
1019,EI8047355 Corp,2011-06-23,0.0,0.0
1020,EI8047355 Corp,2011-12-22,3918.0559999999996,0.0
1021,EI8047355 Corp,2012-06-21,3918.0559999999996,0.0
1022,EI8047355 Corp,2012-12-20,3918.0559999999996,0.0
1023,EI8047355 Corp,2013-06-20,3918.0559999999996,0.0
1024,EI8047355 Corp,2013-12-19,3918.0559999999996,0.0
1025,EI8047355 Corp,2014-06-19,3918.0559999999996,0.0
1026,EI8047355 Corp,2014-12-18,3918.0559999999996,0.0
1027,EI8047355 Corp,2015-06-18,3918.0559999999996,0.0
1028,EI8047355 Corp,2015-12-17,3918.0559999999996,0.0
1029,EI8047355 Corp,2016-06-16,3918.0559999999996,0.0
1030,EI8047355 Corp,2016-12-15,3918.0559999999996,0.0
1031,EI8047355 Corp,2017-06-15,3918.0559999999996,0.0
1032,EI8047355 Corp,2017-12-14,3918.0559999999996,0.0
1033,EI8047355 Corp,2018-06-14,3918.0559999999996,0.0
1034,EI8047355 Corp,2018-12-13,3918.0559999999996,0.0
1035,EI8047355 Corp,2019-06-13,3918.0559999999996,0.0
1036,EI8047355 Corp,2019-12-11,3896.528,0.0
1037,EI8047355 Corp,2020-06-11,3939.583,0.0
1038,EI8047355 Corp,2020-12-10,3918.0559999999996,0.0
1039,EI8047355 Corp,2021-06-10,3918.0559999999996,0.0
1040,EI8047355 Corp,2021-12-09,3918.0559999999996,0.0
1041,EI8047355 Corp,2022-06-09,3918.0559999999996,0.0
1042,EI8047355 Corp,2022-12-08,3918.0559999999996,0.0
1043,EI8047355 Corp,2023-06-08,3918.0559999999996,0.0
1044,EI8047355 Corp,2023-12-07,3918.0559999999996,0.0
1045,EI8047355 Corp,2024-06-06,3918.0559999999996,0.0
1046,EI8047355 Corp,2024-12-05,3918.0559999999996,0.0
1047,EI8047355 Corp,2025-06-05,3918.0559999999996,0.0
1048,EI8047355 Corp,2025-12-04,3918.0559999999996,0.0
1049,EI8047355 Corp,2026-06-04,3918.0559999999996,0.0
1050,EI8047355 Corp,2026-12-03,3918.0559999999996,0.0
1051,EI8047355 Corp,2027-06-03,3918.0559999999996,0.0
1052,EI8047355 Corp,2027-12-02,3918.0559999999996,0.0
1053,EI8047355 Corp,2028-06-01,3918.0559999999996,0.0
1054,EI8047355 Corp,2028-11-30,3918.0559999999996,0.0
1055,EI8047355 Corp,2029-05-31,3918.0559999999996,0.0
1056,EI8047355 Corp,2029-11-29,3918.0559999999996,0.0
1057,EI8047355 Corp,2030-05-30,3918.0559999999996,0.0
1058,EI8047355 Corp,2030-11-28,3918.0559999999996,0.0
1059,EI8047355 Corp,2031-05-29,3918.0559999999996,100000.0
1060,EJ0234298 Corp,2011-12-22,0.0,0.0
1061,EJ0234298 Corp,2012-06-21,3286.111,0.0
1062,EJ0234298 Corp,2012-12-20,3286.111,0.0
1063,EJ0234298 Corp,2013-06-20,3286.111,0.0
1064,EJ0234298 Corp,2013-12-19,3286.111,0.0
1065,EJ0234298 Corp,2014-06-19,3286.111,0.0
1066,EJ0234298 Corp,2014-12-18,3286.111,0.0
1067,EJ0234298 Corp,2015-06-18,3286.111,0.0
1068,EJ0234298 Corp,2015-12-17,3286.111,0.0
1069,EJ0234298 Corp,2016-06-16,3286.111,0.0
1070,EJ0234298 Corp,2016-12-15,3286.111,0.0
1071,EJ0234298 Corp,2017-06-15,3286.111,0.0
1072,EJ0234298 Corp,2017-12-14,3286.111,0.0
1073,EJ0234298 Corp,2018-06-14,3286.111,0.0
1074,EJ0234298 Corp,2018-12-13,3286.111,0.0
1075,EJ0234298 Corp,2019-06-13,3286.111,0.0
1076,EJ0234298 Corp,2019-12-11,3268.0559999999996,0.0
1077,EJ0234298 Corp,2020-06-11,3304.167,0.0
1078,EJ0234298 Corp,2020-12-10,3286.111,0.0
1079,EJ0234298 Corp,2021-06-10,3286.111,0.0
1080,EJ0234298 Corp,2021-12-09,3286.111,0.0
1081,EJ0234298 Corp,2022-06-09,3286.111,100000.0
1082,EJ1291206 Corp,2011-12-22,0.0,0.0
1083,EJ1291206 Corp,2012-06-21,3918.0559999999996,0.0
1084,EJ1291206 Corp,2012-12-20,3918.0559999999996,0.0
1085,EJ1291206 Corp,2013-06-20,3918.0559999999996,0.0
1086,EJ1291206 Corp,2013-12-19,3918.0559999999996,0.0
1087,EJ1291206 Corp,2014-06-19,3918.0559999999996,0.0
1088,EJ1291206 Corp,2014-12-18,3918.0559999999996,0.0
1089,EJ1291206 Corp,2015-06-18,3918.0559999999996,0.0
1090,EJ1291206 Corp,2015-12-17,3918.0559999999996,0.0
1091,EJ1291206 Corp,2016-06-16,3918.0559999999996,0.0
1092,EJ1291206 Corp,2016-12-15,3918.0559999999996,0.0
1093,EJ1291206 Corp,2017-06-15,3918.0559999999996,0.0
1094,EJ1291206 Corp,2017-12-14,3918.0559999999996,0.0
1095,EJ1291206 Corp,2018-06-14,3918.0559999999996,0.0
1096,EJ1291206 Corp,2018-12-13,3918.0559999999996,0.0
1097,EJ1291206 Corp,2019-06-13,3918.0559999999996,0.0
1098,EJ1291206 Corp,2019-12-11,3896.528,0.0
1099,EJ1291206 Corp,2020-06-11,3939.583,0.0
1100,EJ1291206 Corp,2020-12-10,3918.0559999999996,0.0
1101,EJ1291206 Corp,2021-06-10,3918.0559999999996,0.0
1102,EJ1291206 Corp,2021-12-09,3918.0559999999996,0.0
1103,EJ1291206 Corp,2022-06-09,3918.0559999999996,0.0
1104,EJ1291206 Corp,2022-12-08,3918.0559999999996,0.0
1105,EJ1291206 Corp,2023-06-08,3918.0559999999996,0.0
1106,EJ1291206 Corp,2023-12-07,3918.0559999999996,0.0
1107,EJ1291206 Corp,2024-06-06,3918.0559999999996,0.0
1108,EJ1291206 Corp,2024-12-05,3918.0559999999996,0.0
1109,EJ1291206 Corp,2025-06-05,3918.0559999999996,0.0
1110,EJ1291206 Corp,2025-12-04,3918.0559999999996,0.0
1111,EJ1291206 Corp,2026-06-04,3918.0559999999996,0.0
1112,EJ1291206 Corp,2026-12-03,3918.0559999999996,0.0
1113,EJ1291206 Corp,2027-06-03,3918.0559999999996,0.0
1114,EJ1291206 Corp,2027-12-02,3918.0559999999996,0.0
1115,EJ1291206 Corp,2028-06-01,3918.0559999999996,0.0
1116,EJ1291206 Corp,2028-11-30,3918.0559999999996,0.0
1117,EJ1291206 Corp,2029-05-31,3918.0559999999996,0.0
1118,EJ1291206 Corp,2029-11-29,3918.0559999999996,0.0
1119,EJ1291206 Corp,2030-05-30,3918.0559999999996,0.0
1120,EJ1291206 Corp,2030-11-28,3918.0559999999996,0.0
1121,EJ1291206 Corp,2031-05-29,3918.0559999999996,0.0
1122,EJ1291206 Corp,2031-11-27,3918.0559999999996,0.0
1123,EJ1291206 Corp,2032-05-27,3918.0559999999996,0.0
1124,EJ1291206 Corp,2032-11-25,3918.0559999999996,0.0
1125,EJ1291206 Corp,2033-05-26,3918.0559999999996,0.0
1126,EJ1291206 Corp,2033-11-24,3918.0559999999996,0.0
1127,EJ1291206 Corp,2034-05-25,3918.0559999999996,0.0
1128,EJ1291206 Corp,2034-11-23,3918.0559999999996,0.0
1129,EJ1291206 Corp,2035-05-24,3918.0559999999996,0.0
1130,EJ1291206 Corp,2035-11-22,3918.0559999999996,0.0
1131,EJ1291206 Corp,2036-05-22,3918.0559999999996,0.0
1132,EJ1291206 Corp,2036-11-20,3918.0559999999996,0.0
1133,EJ1291206 Corp,2037-05-21,3918.0559999999996,0.0
1134,EJ1291206 Corp,2037-11-19,3918.0559999999996,0.0
1135,EJ1291206 Corp,2038-05-20,3918.0559999999996,0.0
1136,EJ1291206 Corp,2038-11-18,3918.0559999999996,0.0
1137,EJ1291206 Corp,2039-05-19,3918.0559999999996,0.0
1138,EJ1291206 Corp,2039-11-17,3918.0559999999996,0.0
1139,EJ1291206 Corp,2040-05-17,3918.0559999999996,0.0
1140,EJ1291206 Corp,2040-11-15,3918.0559999999996,0.0
1141,EJ1291206 Corp,2041-05-16,3918.0559999999996,0.0
1142,EJ1291206 Corp,2041-11-14,3918.0559999999996,0.0
1143,EJ1291206 Corp,2042-05-15,3918.0559999999996,0.0
1144,EJ1291206 Corp,2042-11-13,3918.0559999999996,100000.0
1145,EJ2827917 Corp,2012-06-21,0.0,0.0
1146,EJ2827917 Corp,2012-12-20,2527.778,0.0
1147,EJ2827917 Corp,2013-06-20,2527.778,0.0
1148,EJ2827917 Corp,2013-12-19,2527.778,0.0
1149,EJ2827917 Corp,2014-06-19,2527.778,0.0
1150,EJ2827917 Corp,2014-12-18,2527.778,0.0
1151,EJ2827917 Corp,2015-06-18,2527.778,0.0
1152,EJ2827917 Corp,2015-12-17,2527.778,0.0
1153,EJ2827917 Corp,2016-06-16,2527.778,0.0
1154,EJ2827917 Corp,2016-12-15,2527.778,0.0
1155,EJ2827917 Corp,2017-06-15,2527.778,100000.0
1156,EJ8068490 Corp,2013-06-20,0.0,0.0
1157,EJ8068490 Corp,2013-12-19,2401.389,0.0
1158,EJ8068490 Corp,2014-06-19,2401.389,0.0
1159,EJ8068490 Corp,2014-12-18,2401.389,0.0
1160,EJ8068490 Corp,2015-06-18,2401.389,0.0
1161,EJ8068490 Corp,2015-12-17,2401.389,0.0
1162,EJ8068490 Corp,2016-06-16,2401.389,0.0
1163,EJ8068490 Corp,2016-12-15,2401.389,0.0
1164,EJ8068490 Corp,2017-06-15,2401.389,0.0
1165,EJ8068490 Corp,2017-12-14,2401.389,0.0
1166,EJ8068490 Corp,2018-06-14,2401.389,100000.0
1167,EK1693424 Corp,2013-12-19,0.0,0.0
1168,EK1693424 Corp,2014-06-19,3918.0559999999996,0.0
1169,EK1693424 Corp,2014-12-18,3918.0559999999996,0.0
1170,EK1693424 Corp,2015-06-18,3918.0559999999996,0.0
1171,EK1693424 Corp,2015-12-17,3918.0559999999996,0.0
1172,EK1693424 Corp,2016-06-16,3918.0559999999996,0.0
1173,EK1693424 Corp,2016-12-15,3918.0559999999996,0.0
1174,EK1693424 Corp,2017-06-15,3918.0559999999996,0.0
1175,EK1693424 Corp,2017-12-14,3918.0559999999996,0.0
1176,EK1693424 Corp,2018-06-14,3918.0559999999996,0.0
1177,EK1693424 Corp,2018-12-13,3918.0559999999996,0.0
1178,EK1693424 Corp,2019-06-13,3918.0559999999996,0.0
1179,EK1693424 Corp,2019-12-11,3896.528,0.0
1180,EK1693424 Corp,2020-06-11,3939.583,0.0
1181,EK1693424 Corp,2020-12-10,3918.0559999999996,0.0
1182,EK1693424 Corp,2021-06-10,3918.0559999999996,0.0
1183,EK1693424 Corp,2021-12-09,3918.0559999999996,0.0
1184,EK1693424 Corp,2022-06-09,3918.0559999999996,0.0
1185,EK1693424 Corp,2022-12-08,3918.0559999999996,0.0
1186,EK1693424 Corp,2023-06-08,3918.0559999999996,0.0
1187,EK1693424 Corp,2023-12-07,3918.0559999999996,0.0
1188,EK1693424 Corp,2024-06-06,3918.0559999999996,0.0
1189,EK1693424 Corp,2024-12-05,3918.0559999999996,0.0
1190,EK1693424 Corp,2025-06-05,3918.0559999999996,0.0
1191,EK1693424 Corp,2025-12-04,3918.0559999999996,0.0
1192,EK1693424 Corp,2026-06-04,3918.0559999999996,0.0
1193,EK1693424 Corp,2026-12-03,3918.0559999999996,0.0
1194,EK1693424 Corp,2027-06-03,3918.0559999999996,0.0
1195,EK1693424 Corp,2027-12-02,3918.0559999999996,0.0
1196,EK1693424 Corp,2028-06-01,3918.0559999999996,0.0
1197,EK1693424 Corp,2028-11-30,3918.0559999999996,0.0
1198,EK1693424 Corp,2029-05-31,3918.0559999999996,0.0
1199,EK1693424 Corp,2029-11-29,3918.0559999999996,0.0
1200,EK1693424 Corp,2030-05-30,3918.0559999999996,0.0
1201,EK1693424 Corp,2030-11-28,3918.0559999999996,0.0
1202,EK1693424 Corp,2031-05-29,3918.0559999999996,0.0
1203,EK1693424 Corp,2031-11-27,3918.0559999999996,0.0
1204,EK1693424 Corp,2032-05-27,3918.0559999999996,0.0
1205,EK1693424 Corp,2032-11-25,3918.0559999999996,0.0
1206,EK1693424 Corp,2033-05-26,3918.0559999999996,0.0
1207,EK1693424 Corp,2033-11-24,3918.0559999999996,0.0
1208,EK1693424 Corp,2034-05-25,3918.0559999999996,0.0
1209,EK1693424 Corp,2034-11-23,3918.0559999999996,100000.0
1210,QJ1649335 Corp,2015-09-17,0.0,0.0
1211,QJ1649335 Corp,2016-03-17,2906.9440000000004,0.0
1212,QJ1649335 Corp,2016-09-15,2906.9440000000004,0.0
1213,QJ1649335 Corp,2017-03-16,2906.9440000000004,0.0
1214,QJ1649335 Corp,2017-09-14,2906.9440000000004,0.0
1215,QJ1649335 Corp,2018-03-15,2906.9440000000004,0.0
1216,QJ1649335 Corp,2018-09-13,2906.9440000000004,0.0
1217,QJ1649335 Corp,2019-03-14,2906.9440000000004,0.0
1218,QJ1649335 Corp,2019-09-12,2906.9440000000004,0.0
1219,QJ1649335 Corp,2020-03-12,2906.9440000000004,0.0
1220,QJ1649335 Corp,2020-09-10,2906.9440000000004,0.0
1221,QJ1649335 Corp,2021-03-11,2906.9440000000004,0.0
1222,QJ1649335 Corp,2021-09-09,2906.9440000000004,0.0
1223,QJ1649335 Corp,2022-03-10,2906.9440000000004,0.0
1224,QJ1649335 Corp,2022-09-08,2906.9440000000004,0.0
1225,QJ1649335 Corp,2023-03-09,2906.9440000000004,0.0
1226,QJ1649335 Corp,2023-09-07,2906.9440000000004,0.0
1227,QJ1649335 Corp,2024-03-07,2906.9440000000004,0.0
1228,QJ1649335 Corp,2024-09-05,2906.9440000000004,0.0
1229,QJ1649335 Corp,2025-03-06,2906.9440000000004,0.0
1230,QJ1649335 Corp,2025-09-04,2906.9440000000004,0.0
1231,QJ1649335 Corp,2026-03-05,2906.9440000000004,100000.0
1232,ZR8833868 Corp,2019-09-12,0.0,0.0
1233,ZR8833868 Corp,2020-03-12,3412.5,0.0
1234,ZR8833868 Corp,2020-09-10,3412.5,0.0
1235,ZR8833868 Corp,2021-03-11,3412.5,0.0
1236,ZR8833868 Corp,2021-09-09,3412.5,0.0
1237,ZR8833868 Corp,2022-03-10,3412.5,0.0
1238,ZR8833868 Corp,2022-09-08,3412.5,0.0
1239,ZR8833868 Corp,2023-03-09,3412.5,100000.0
